ID_Venta,Fecha,Región,País,Ciudad,Categoría,Producto,Canal,Vendedor,Unidades,Precio_Unitario,Descuento_%,Costo_Unitario,Satisfacción,Método_Pago,Año,Mes,Día_Semana,Latitud,Longitud,Ventas_Totales,Beneficio
1,2024-09-27,Europa,Francia,Ciudad_28,Hogar,Cama,Distribuidor,Vendedor_10,9,486.45,27.26,334.53,9,Tarjeta,2024,Diciembre,Jueves,4.9631,-20.5731,3184.5935700000005,173.82357000000093
2,2025-07-23,Europa,Francia,Ciudad_24,Ropa,Zapatos,Distribuidor,Vendedor_1,9,131.72,28.72,68.11,1,Efectivo,2025,Octubre,Sábado,28.8109,-14.613,845.010144,232.02014399999996
3,2025-09-19,África,Egipto,Ciudad_11,Hogar,Silla,Online,Vendedor_3,64,177.5,28.96,119.72,5,Efectivo,2025,Octubre,Miércoles,-9.2424,-53.5227,8070.143999999999,408.0639999999994
4,2025-02-16,América,Brasil,Ciudad_3,Alimentos,Leche,Distribuidor,Vendedor_14,42,771.88,27.14,561.65,4,Transferencia,2025,Mayo,Lunes,35.3942,97.9612,23620.454255999997,31.154255999997986
5,2025-06-18,Asia,China,Ciudad_17,Juguetes,Pelota,Online,Vendedor_5,55,616.19,26.18,318.99,10,Tarjeta,2025,Diciembre,Viernes,38.0905,96.1272,25017.930190000003,7473.480190000002
6,2025-01-28,Europa,España,Ciudad_5,Hogar,Silla,Online,Vendedor_2,77,430.78,28.47,382.78,5,Transferencia,2025,Marzo,Sábado,-16.0186,-27.9607,23726.543918,-5747.516081999998
7,2025-12-08,África,Marruecos,Ciudad_9,Juguetes,Auto de juguete,Distribuidor,Vendedor_14,77,546.37,3.08,485.81,9,Efectivo,2025,Noviembre,Sábado,43.6436,-12.5108,40774.718907999995,3367.3489079999927
8,2025-10-23,Asia,India,Ciudad_19,Electrónica,Auriculares,Distribuidor,Vendedor_6,3,304.33,17.68,168.39,6,Efectivo,2025,Noviembre,Miércoles,-22.1076,-2.0994,751.5733680000001,246.4033680000001
9,2025-07-04,América,EEUU,Ciudad_19,Hogar,Lámpara,Distribuidor,Vendedor_8,39,476.17,9.6,307.41,6,Efectivo,2025,Mayo,Domingo,27.2273,-94.6158,16787.84952,4798.859519999998
10,2025-04-15,Europa,Alemania,Ciudad_3,Alimentos,Leche,Distribuidor,Vendedor_13,35,194.76,5.62,131.29,2,Tarjeta,2025,Junio,Sábado,30.9765,92.1381,6433.507079999999,1838.3570799999998
11,2025-11-03,Asia,Japón,Ciudad_5,Alimentos,Cereal,Tienda,Vendedor_4,16,31.96,28.73,20.01,10,Tarjeta,2025,Junio,Domingo,30.6258,-30.9434,364.446272,44.286272
12,2024-10-17,África,Nigeria,Ciudad_30,Alimentos,Queso,Tienda,Vendedor_6,54,235.87,17.05,121.29,7,Tarjeta,2024,Enero,Jueves,-6.5648,90.0322,10565.32491,4015.6649099999986
13,2024-12-17,Europa,España,Ciudad_29,Juguetes,Puzzle,Distribuidor,Vendedor_6,30,689.92,25.74,612.92,2,Tarjeta,2024,Enero,Domingo,42.3855,79.3134,15370.03776,-3017.5622399999993
14,2024-06-05,África,Sudáfrica,Ciudad_16,Electrónica,Auriculares,Distribuidor,Vendedor_2,22,405.03,7.17,205.73,9,Efectivo,2024,Octubre,Lunes,-24.7525,72.3329,8271.765678,3745.7056780000003
15,2025-07-02,América,Brasil,Ciudad_20,Ropa,Pantalón,Online,Vendedor_9,16,141.19,23.75,122.65,3,Tarjeta,2025,Noviembre,Viernes,25.6489,-50.3483,1722.5179999999998,-239.8820000000003
16,2024-08-11,África,Sudáfrica,Ciudad_13,Juguetes,Puzzle,Online,Vendedor_14,8,621.32,1.39,323.04,8,Tarjeta,2024,Septiembre,Viernes,-34.2958,-85.645,4901.469216,2317.1492160000003
17,2024-08-20,África,Nigeria,Ciudad_21,Hogar,Lámpara,Online,Vendedor_6,55,103.39,16.67,81.31,7,Tarjeta,2024,Enero,Miércoles,15.0271,8.2647,4738.518784999999,266.4687849999991
18,2025-02-26,América,Argentina,Ciudad_29,Electrónica,Smartphone,Distribuidor,Vendedor_8,41,339.31,20.82,232.2,4,Tarjeta,2025,Diciembre,Viernes,-7.5111,-14.829,11015.291978000001,1495.0919780000022
19,2024-10-18,América,Brasil,Ciudad_1,Hogar,Lámpara,Online,Vendedor_8,16,751.55,21.95,631.24,9,Efectivo,2024,Diciembre,Miércoles,-39.6867,17.5518,9385.356399999999,-714.4836000000014
20,2024-02-22,África,Egipto,Ciudad_10,Ropa,Zapatos,Online,Vendedor_9,12,453.64,19.78,295.0,1,Efectivo,2024,Enero,Domingo,-1.8079,39.2698,4366.920096000001,826.9200960000007
21,2024-11-08,Asia,China,Ciudad_13,Electrónica,Laptop,Online,Vendedor_9,13,747.98,1.83,471.0,10,Tarjeta,2024,Abril,Martes,-4.5859,40.0227,9545.795558,3422.795558
22,2024-10-25,Asia,India,Ciudad_22,Alimentos,Cereal,Tienda,Vendedor_9,54,773.22,11.26,459.37,7,Transferencia,2024,Julio,Sábado,7.9825,84.7864,37052.393112000005,12246.413112000006
23,2024-04-05,África,Egipto,Ciudad_8,Juguetes,Pelota,Online,Vendedor_2,64,599.78,27.5,423.99,8,Transferencia,2024,Marzo,Miércoles,8.5617,-37.0305,27829.791999999998,694.4319999999971
24,2024-03-14,Asia,Corea del Sur,Ciudad_20,Alimentos,Queso,Online,Vendedor_5,3,218.13,24.12,126.57,10,Efectivo,2024,Junio,Jueves,49.1218,-4.082,496.551132,116.84113200000002
25,2024-12-25,Europa,Italia,Ciudad_28,Alimentos,Pan,Tienda,Vendedor_12,10,686.04,12.01,544.33,1,Efectivo,2024,Abril,Sábado,17.5351,91.7429,6036.4659599999995,593.1659599999994
26,2024-07-03,Asia,Japón,Ciudad_3,Ropa,Chaqueta,Online,Vendedor_3,80,565.26,25.76,486.07,5,Tarjeta,2024,Junio,Martes,22.8968,-82.8149,33571.92192,-5313.678079999998
27,2024-12-16,Asia,India,Ciudad_4,Electrónica,Smartphone,Tienda,Vendedor_10,44,10.47,10.04,7.06,8,Tarjeta,2024,Noviembre,Viernes,-10.908,8.8713,414.427728,103.78772800000002
28,2025-11-22,Asia,China,Ciudad_27,Juguetes,Muñeca,Tienda,Vendedor_15,68,727.47,2.91,637.64,6,Transferencia,2025,Agosto,Miércoles,16.9967,88.844,48028.442363999995,4668.922363999998
29,2024-12-21,Asia,China,Ciudad_30,Hogar,Silla,Distribuidor,Vendedor_8,66,284.97,21.54,219.83,10,Transferencia,2024,Noviembre,Sábado,-35.0458,-25.8441,14756.772492,247.9924919999994
30,2024-02-23,África,Sudáfrica,Ciudad_19,Electrónica,Laptop,Tienda,Vendedor_11,77,339.01,9.02,194.85,8,Efectivo,2024,Diciembre,Lunes,-31.8763,10.746,23749.209946,8745.759946
31,2025-08-18,África,Nigeria,Ciudad_16,Electrónica,Smartphone,Tienda,Vendedor_7,7,698.67,1.26,490.39,4,Transferencia,2025,Junio,Jueves,30.9156,-86.1544,4829.067306,1396.337306
32,2025-07-27,América,México,Ciudad_20,Hogar,Silla,Distribuidor,Vendedor_2,73,624.29,21.82,358.3,4,Transferencia,2025,Noviembre,Sábado,48.341,-74.3048,35629.104306,9473.204306
33,2025-10-10,Europa,Italia,Ciudad_22,Ropa,Pantalón,Distribuidor,Vendedor_3,26,695.51,11.09,429.27,8,Efectivo,2025,Junio,Viernes,13.3642,95.3953,16077.826465999999,4916.806465999998
34,2025-09-07,Asia,Corea del Sur,Ciudad_21,Electrónica,Laptop,Distribuidor,Vendedor_11,1,90.45,22.68,53.68,3,Transferencia,2025,Abril,Martes,-46.2938,0.0894,69.93594,16.255940000000002
35,2025-09-03,África,Sudáfrica,Ciudad_11,Alimentos,Queso,Distribuidor,Vendedor_15,20,112.79,23.77,84.51,1,Tarjeta,2025,Octubre,Martes,-0.1402,-96.22,1719.59634,29.39634000000001
36,2024-12-25,Asia,India,Ciudad_26,Hogar,Mesa,Online,Vendedor_14,77,621.4,1.02,330.58,6,Tarjeta,2024,Abril,Jueves,-27.9111,-36.838,47359.75244,21905.092439999997
37,2025-08-15,América,Argentina,Ciudad_6,Electrónica,Laptop,Distribuidor,Vendedor_3,51,400.23,20.98,286.15,7,Tarjeta,2025,Mayo,Lunes,25.7099,-19.7084,16129.349046,1535.6990459999997
38,2025-08-18,África,Sudáfrica,Ciudad_6,Hogar,Lámpara,Tienda,Vendedor_8,68,292.42,12.05,259.64,4,Efectivo,2025,Marzo,Domingo,-30.47,-58.1425,17488.47052,-167.0494800000015
39,2025-12-23,África,Egipto,Ciudad_13,Electrónica,Laptop,Online,Vendedor_10,22,356.98,5.54,298.66,7,Efectivo,2025,Julio,Lunes,-44.8884,-19.3394,7418.4727760000005,847.9527760000001
40,2024-05-26,África,Sudáfrica,Ciudad_10,Ropa,Pantalón,Online,Vendedor_7,61,156.56,9.99,85.55,2,Transferencia,2024,Diciembre,Miércoles,44.1985,57.853,8596.099016,3377.549016
41,2024-11-03,África,Egipto,Ciudad_16,Alimentos,Queso,Online,Vendedor_14,44,505.14,10.34,271.51,7,Tarjeta,2024,Febrero,Lunes,-48.0925,0.6066,19927.975056000003,7981.535056000004
42,2025-07-03,América,México,Ciudad_14,Alimentos,Queso,Online,Vendedor_15,62,275.29,14.36,176.36,1,Efectivo,2025,Octubre,Sábado,44.7313,-63.1779,14617.018072,3682.6980719999992
43,2024-07-15,América,Argentina,Ciudad_16,Alimentos,Queso,Distribuidor,Vendedor_11,52,143.83,22.19,114.14,9,Efectivo,2024,Junio,Domingo,-27.0595,55.893,5819.534396000001,-115.74560399999882
44,2024-10-27,Asia,India,Ciudad_20,Ropa,Zapatos,Tienda,Vendedor_1,20,141.48,22.55,117.3,2,Transferencia,2024,Junio,Martes,30.1344,-88.7115,2191.5252,-154.47479999999996
45,2025-02-27,América,Argentina,Ciudad_2,Juguetes,Puzzle,Tienda,Vendedor_1,10,159.9,23.61,138.52,6,Transferencia,2025,Febrero,Jueves,14.9139,-51.8626,1221.4761,-163.72389999999996
46,2025-04-15,Europa,Francia,Ciudad_27,Alimentos,Pan,Online,Vendedor_4,37,773.96,6.6,561.11,7,Transferencia,2025,Septiembre,Domingo,-32.239,-84.1744,26746.50968,5985.4396799999995
47,2025-12-12,América,EEUU,Ciudad_25,Electrónica,Laptop,Tienda,Vendedor_2,14,374.86,6.68,311.8,10,Tarjeta,2025,Noviembre,Domingo,-9.714,32.215,4897.470928,532.2709279999999
48,2025-02-18,América,Brasil,Ciudad_26,Alimentos,Cereal,Tienda,Vendedor_4,15,433.65,13.93,343.11,2,Efectivo,2025,Abril,Jueves,18.6346,-27.0704,5598.638325,451.98832499999935
49,2024-12-20,América,México,Ciudad_28,Ropa,Chaqueta,Online,Vendedor_6,31,347.51,2.53,204.04,3,Transferencia,2024,Diciembre,Martes,-3.6437,42.2522,10500.257907,4175.0179069999995
50,2024-03-10,África,Nigeria,Ciudad_16,Ropa,Zapatos,Tienda,Vendedor_15,53,378.17,17.63,194.37,1,Tarjeta,2024,Enero,Sábado,0.3522,-87.7267,16509.427337,6207.817337
51,2024-07-15,América,México,Ciudad_25,Ropa,Chaqueta,Tienda,Vendedor_7,5,279.11,22.26,222.93,5,Tarjeta,2024,Agosto,Miércoles,-42.2442,-69.3577,1084.90057,-29.749430000000075
52,2024-06-26,Asia,Corea del Sur,Ciudad_30,Hogar,Mesa,Tienda,Vendedor_5,60,381.91,29.96,224.96,5,Efectivo,2024,Agosto,Miércoles,33.0874,49.5022,16049.385839999999,2551.7858399999986
53,2025-08-06,América,EEUU,Ciudad_29,Ropa,Pantalón,Distribuidor,Vendedor_1,22,760.34,0.06,679.34,8,Efectivo,2025,Septiembre,Lunes,-26.1259,-44.6376,16717.443511999998,1771.9635119999966
54,2024-01-21,Asia,China,Ciudad_25,Alimentos,Pan,Tienda,Vendedor_5,34,201.55,24.06,134.49,5,Efectivo,2024,Enero,Jueves,49.597,-66.8807,5203.940380000001,631.2803800000011
55,2025-10-17,Europa,Francia,Ciudad_6,Juguetes,Puzzle,Distribuidor,Vendedor_3,36,18.21,1.36,12.64,1,Efectivo,2025,Septiembre,Sábado,-8.5572,3.6819,646.6443840000001,191.60438400000004
56,2025-10-11,Asia,Japón,Ciudad_16,Electrónica,Laptop,Distribuidor,Vendedor_2,53,620.47,13.32,379.34,5,Efectivo,2025,Septiembre,Martes,-36.0349,-92.4483,28504.639988000003,8399.619988000002
57,2025-06-02,Europa,Italia,Ciudad_27,Alimentos,Queso,Online,Vendedor_6,74,480.19,3.48,264.15,5,Tarjeta,2025,Noviembre,Lunes,1.4793,79.1402,34297.474712,14750.374712000004
58,2025-07-18,África,Egipto,Ciudad_9,Hogar,Lámpara,Online,Vendedor_11,50,753.51,11.9,391.61,4,Tarjeta,2025,Junio,Viernes,-21.8052,-73.6971,33192.1155,13611.6155
59,2024-02-14,África,Sudáfrica,Ciudad_9,Juguetes,Pelota,Online,Vendedor_12,11,560.06,3.45,421.68,2,Transferencia,2024,Mayo,Sábado,-23.2377,-3.4314,5948.11723,1309.6372299999994
60,2025-03-13,Asia,China,Ciudad_6,Ropa,Pantalón,Tienda,Vendedor_3,19,124.16,21.17,96.35,8,Transferencia,2025,Noviembre,Lunes,-44.5424,51.8934,1859.631232,28.98123200000009
61,2024-03-04,Asia,Japón,Ciudad_12,Ropa,Pantalón,Online,Vendedor_9,20,430.1,11.47,233.47,7,Tarjeta,2024,Mayo,Lunes,-35.4747,-74.6185,7615.3506,2945.9506
62,2025-12-12,América,México,Ciudad_15,Electrónica,Smartphone,Online,Vendedor_8,32,56.11,16.38,48.14,2,Transferencia,2025,Agosto,Lunes,3.0878,70.8123,1501.413824,-39.06617600000004
63,2024-03-11,África,Marruecos,Ciudad_2,Alimentos,Queso,Tienda,Vendedor_3,69,367.72,11.52,295.15,5,Transferencia,2024,Mayo,Domingo,-23.4108,-59.5285,22449.747264,2084.397264000003
64,2025-05-03,América,Argentina,Ciudad_11,Alimentos,Leche,Online,Vendedor_10,2,130.58,3.68,86.36,10,Transferencia,2025,Septiembre,Sábado,-3.6582,16.1784,251.54931200000004,78.82931200000004
65,2025-05-06,Europa,Francia,Ciudad_24,Hogar,Cama,Distribuidor,Vendedor_10,48,511.19,17.73,399.24,6,Transferencia,2025,Mayo,Miércoles,-37.6821,0.1614,20186.688624,1023.1686239999981
66,2025-02-14,Asia,Japón,Ciudad_25,Hogar,Cama,Tienda,Vendedor_8,17,384.9,15.94,327.15,10,Transferencia,2025,Octubre,Lunes,-7.452,69.4958,5500.297979999999,-61.2520199999999
67,2025-06-01,Asia,China,Ciudad_13,Ropa,Zapatos,Tienda,Vendedor_4,10,296.46,6.44,213.3,2,Efectivo,2025,Diciembre,Viernes,-19.9396,1.0664,2773.67976,640.67976
68,2025-04-01,África,Nigeria,Ciudad_11,Electrónica,Auriculares,Online,Vendedor_6,29,5.03,1.93,2.52,2,Tarjeta,2025,Julio,Miércoles,-47.16,46.6449,143.054709,69.974709
69,2025-04-04,África,Nigeria,Ciudad_3,Ropa,Zapatos,Tienda,Vendedor_11,75,100.98,26.4,65.77,8,Tarjeta,2025,Mayo,Viernes,32.359,19.7698,5574.096,641.3459999999995
70,2025-02-21,África,Sudáfrica,Ciudad_3,Hogar,Cama,Online,Vendedor_8,24,380.77,4.2,221.4,7,Transferencia,2025,Julio,Miércoles,47.9112,38.2429,8754.66384,3441.063839999999
71,2025-06-07,América,Argentina,Ciudad_2,Hogar,Silla,Online,Vendedor_6,62,730.57,18.94,392.81,6,Transferencia,2025,Octubre,Martes,14.8426,91.6046,36716.402604,12362.182604000001
72,2024-05-11,América,México,Ciudad_18,Alimentos,Pan,Online,Vendedor_4,61,660.33,27.55,434.77,6,Efectivo,2024,Abril,Viernes,39.9851,-73.4209,29182.954185,2661.984185000001
73,2024-09-13,Asia,India,Ciudad_25,Hogar,Mesa,Tienda,Vendedor_1,56,686.89,18.89,479.04,4,Tarjeta,2024,Agosto,Lunes,34.2223,-36.918,31199.642823999995,4373.402823999993
74,2025-12-11,América,Brasil,Ciudad_10,Juguetes,Pelota,Tienda,Vendedor_15,8,193.23,11.01,113.89,5,Efectivo,2025,Mayo,Lunes,23.224,-58.4742,1375.643016,464.523016
75,2025-07-20,África,Egipto,Ciudad_12,Alimentos,Leche,Online,Vendedor_8,27,176.26,20.12,131.09,3,Transferencia,2025,Octubre,Viernes,-32.276,-39.6364,3801.505175999999,262.0751759999989
76,2025-06-13,América,EEUU,Ciudad_6,Alimentos,Cereal,Tienda,Vendedor_1,75,145.29,15.59,97.03,8,Tarjeta,2025,Septiembre,Jueves,49.5527,-3.3744,9197.946675,1920.6966749999992
77,2025-01-19,América,Argentina,Ciudad_20,Hogar,Mesa,Distribuidor,Vendedor_6,14,282.47,4.4,174.9,9,Tarjeta,2025,Junio,Jueves,-15.2691,26.9394,3780.57848,1331.9784800000002
78,2025-06-19,América,Brasil,Ciudad_7,Alimentos,Queso,Distribuidor,Vendedor_6,53,669.59,22.44,412.81,1,Efectivo,2025,Julio,Jueves,-31.8515,-40.9296,27524.702212,5645.772212
79,2025-01-20,África,Sudáfrica,Ciudad_17,Hogar,Mesa,Tienda,Vendedor_15,63,142.17,11.83,82.24,7,Transferencia,2025,Febrero,Sábado,-1.7732,-59.6911,7897.131206999999,2716.0112069999996
80,2025-02-07,Europa,España,Ciudad_14,Electrónica,Televisor,Tienda,Vendedor_14,72,414.84,11.92,218.38,5,Transferencia,2025,Abril,Miércoles,44.7968,-4.6535,26308.157184,10584.797184
81,2025-12-05,Europa,Alemania,Ciudad_15,Hogar,Mesa,Tienda,Vendedor_10,66,758.1,20.01,453.94,5,Efectivo,2025,Febrero,Lunes,25.0518,-54.9261,40022.67653999999,10062.636539999992
82,2025-11-19,Asia,China,Ciudad_9,Hogar,Mesa,Online,Vendedor_1,63,219.21,15.26,142.26,8,Transferencia,2025,Septiembre,Viernes,-7.2337,60.8559,11702.788902000002,2740.408902000003
83,2024-11-12,Asia,India,Ciudad_19,Alimentos,Cereal,Online,Vendedor_1,5,140.12,19.21,81.91,3,Transferencia,2024,Diciembre,Sábado,-24.2957,25.6478,566.01474,156.46474
84,2024-02-20,Asia,Japón,Ciudad_4,Electrónica,Laptop,Online,Vendedor_12,10,390.26,22.15,218.46,9,Efectivo,2024,Mayo,Martes,-42.0084,36.1175,3038.1740999999997,853.5740999999998
85,2025-07-06,América,EEUU,Ciudad_24,Alimentos,Cereal,Distribuidor,Vendedor_8,71,795.25,18.33,481.39,1,Tarjeta,2025,Noviembre,Sábado,-49.3177,-32.6842,46113.127925,11934.437924999998
86,2024-04-26,Asia,India,Ciudad_6,Electrónica,Televisor,Online,Vendedor_7,2,645.31,13.35,494.93,6,Transferencia,2024,Agosto,Jueves,-49.4233,-57.024,1118.32223,128.46222999999998
87,2024-04-07,África,Marruecos,Ciudad_21,Electrónica,Auriculares,Tienda,Vendedor_10,15,438.69,17.92,270.24,1,Efectivo,2024,Octubre,Miércoles,-4.5878,2.1165,5401.15128,1347.5512799999997
88,2024-03-10,África,Egipto,Ciudad_12,Alimentos,Cereal,Distribuidor,Vendedor_5,9,146.31,13.56,104.2,5,Transferencia,2024,Agosto,Viernes,49.9532,-66.3647,1138.233276,200.43327599999986
89,2024-09-28,Asia,China,Ciudad_12,Electrónica,Auriculares,Online,Vendedor_8,32,593.63,23.1,301.65,1,Efectivo,2024,Enero,Sábado,-1.9947,-97.3222,14608.04704,4955.24704
90,2024-04-08,Asia,India,Ciudad_17,Juguetes,Auto de juguete,Tienda,Vendedor_13,40,642.42,9.27,465.94,7,Transferencia,2024,Febrero,Sábado,-41.6531,48.9612,23314.70664,4677.106640000002
91,2025-07-14,Europa,Francia,Ciudad_1,Electrónica,Smartphone,Distribuidor,Vendedor_14,66,9.92,2.05,7.64,2,Efectivo,2025,Septiembre,Domingo,-3.4584,20.3268,641.2982400000001,137.05824000000013
92,2025-06-20,Asia,India,Ciudad_19,Juguetes,Puzzle,Tienda,Vendedor_12,33,168.44,2.92,101.86,8,Efectivo,2025,Abril,Sábado,-44.1506,-52.0883,5396.211216,2034.8312159999996
93,2025-01-12,América,Argentina,Ciudad_12,Ropa,Zapatos,Online,Vendedor_6,13,525.02,27.41,357.47,7,Efectivo,2025,Julio,Jueves,23.2888,50.2176,4954.456234,307.34623399999964
94,2025-07-17,África,Nigeria,Ciudad_7,Alimentos,Leche,Online,Vendedor_4,26,613.7,0.93,408.31,2,Transferencia,2025,Agosto,Jueves,0.3075,-13.4468,15807.807340000001,5191.747340000002
95,2024-10-07,África,Marruecos,Ciudad_28,Electrónica,Laptop,Online,Vendedor_4,73,713.34,24.01,560.11,3,Efectivo,2024,Febrero,Lunes,44.7006,-41.3963,39570.895818,-1317.1341820000016
96,2024-06-18,Europa,Italia,Ciudad_10,Juguetes,Pelota,Online,Vendedor_4,55,400.74,18.79,282.76,1,Efectivo,2024,Octubre,Miércoles,-11.4516,95.174,17899.252470000003,2347.452470000004
97,2025-09-07,Europa,España,Ciudad_17,Ropa,Zapatos,Online,Vendedor_14,29,698.24,10.02,555.55,2,Efectivo,2025,Abril,Domingo,6.0131,-20.3316,18220.014208,2109.0642080000016
98,2024-05-02,Asia,Japón,Ciudad_19,Ropa,Chaqueta,Distribuidor,Vendedor_2,33,278.4,8.72,177.57,4,Tarjeta,2024,Agosto,Jueves,3.3308,-20.9799,8386.076159999999,2526.266159999999
99,2024-02-20,Asia,Japón,Ciudad_28,Juguetes,Pelota,Tienda,Vendedor_6,12,89.83,26.95,59.24,6,Transferencia,2024,Mayo,Sábado,7.5473,-95.0655,787.4497799999999,76.56977999999992
100,2025-08-25,Asia,India,Ciudad_6,Alimentos,Leche,Online,Vendedor_6,7,95.48,9.5,68.49,7,Efectivo,2025,Enero,Jueves,20.7179,99.6495,604.8658,125.43580000000009
101,2025-06-24,África,Sudáfrica,Ciudad_16,Electrónica,Laptop,Tienda,Vendedor_14,62,226.07,25.43,130.92,8,Efectivo,2025,Junio,Sábado,-48.9195,8.9674,10451.984738000001,2334.944738000002
102,2025-06-18,África,Marruecos,Ciudad_11,Electrónica,Auriculares,Online,Vendedor_12,40,152.98,29.44,83.51,3,Tarjeta,2025,Junio,Lunes,-49.5579,-55.7527,4317.70752,977.3075199999998
103,2025-12-03,América,EEUU,Ciudad_22,Juguetes,Pelota,Online,Vendedor_11,65,363.94,22.32,297.81,8,Transferencia,2025,Noviembre,Viernes,-39.1021,52.6729,18376.058479999996,-981.5915200000054
104,2024-08-24,América,México,Ciudad_11,Electrónica,Smartphone,Online,Vendedor_11,43,27.75,6.32,21.82,1,Tarjeta,2024,Junio,Sábado,47.9319,-39.2515,1117.8365999999999,179.57659999999987
105,2025-03-20,América,México,Ciudad_28,Alimentos,Pan,Online,Vendedor_13,76,350.85,21.04,224.35,9,Transferencia,2025,Noviembre,Jueves,22.8806,59.9789,21054.36816,4003.7681600000033
106,2025-03-10,Asia,China,Ciudad_13,Ropa,Pantalón,Distribuidor,Vendedor_15,43,353.23,11.69,250.15,9,Efectivo,2025,Junio,Miércoles,-12.7227,-63.1578,13413.308759000001,2656.8587590000006
107,2025-10-09,Asia,Corea del Sur,Ciudad_17,Juguetes,Auto de juguete,Online,Vendedor_15,13,502.58,0.23,398.89,8,Tarjeta,2025,Septiembre,Sábado,11.7595,-0.9568,6518.512858,1332.9428580000003
108,2024-05-01,África,Egipto,Ciudad_21,Hogar,Silla,Distribuidor,Vendedor_2,63,627.32,11.87,354.91,5,Transferencia,2024,Septiembre,Viernes,49.1402,87.3463,34829.998308,12470.668308
109,2025-11-11,Europa,Italia,Ciudad_15,Alimentos,Pan,Tienda,Vendedor_6,25,651.32,20.14,326.04,8,Efectivo,2025,Octubre,Lunes,28.2966,-64.2837,13003.6038,4852.6038
110,2024-08-06,África,Nigeria,Ciudad_12,Alimentos,Cereal,Tienda,Vendedor_4,9,165.37,1.06,140.88,2,Efectivo,2024,Marzo,Lunes,-17.3331,-65.8395,1472.553702,204.63370199999986
111,2024-06-19,Europa,Italia,Ciudad_22,Alimentos,Pan,Online,Vendedor_13,70,186.93,29.92,104.07,5,Transferencia,2024,Junio,Domingo,-12.3365,-9.1436,9170.03808,1885.1380800000006
112,2024-02-14,África,Sudáfrica,Ciudad_29,Juguetes,Auto de juguete,Online,Vendedor_15,80,69.1,27.55,46.13,6,Tarjeta,2024,Marzo,Domingo,24.4128,-20.7467,4005.0359999999996,314.6359999999995
113,2024-10-12,África,Egipto,Ciudad_27,Electrónica,Auriculares,Online,Vendedor_5,48,151.04,27.23,96.56,7,Transferencia,2024,Abril,Sábado,46.8661,-53.4594,5275.766784,640.8867840000003
114,2025-10-28,África,Nigeria,Ciudad_29,Hogar,Lámpara,Distribuidor,Vendedor_3,30,293.92,22.09,175.74,3,Efectivo,2025,Abril,Martes,-2.5847,92.4229,6869.79216,1597.5921599999992
115,2025-05-27,África,Egipto,Ciudad_13,Juguetes,Puzzle,Tienda,Vendedor_13,74,316.68,6.19,241.04,4,Transferencia,2025,Junio,Miércoles,40.4425,32.5011,21983.735592,4146.775592000002
116,2024-04-17,África,Egipto,Ciudad_9,Hogar,Silla,Tienda,Vendedor_6,78,608.15,8.35,351.33,7,Transferencia,2024,Noviembre,Sábado,-26.6644,74.1552,43474.81905,16071.07905
117,2025-06-05,África,Egipto,Ciudad_30,Electrónica,Televisor,Distribuidor,Vendedor_10,3,527.32,17.39,443.58,1,Transferencia,2025,Mayo,Viernes,24.3202,-73.5996,1306.857156,-23.882843999999977
118,2024-10-22,Europa,Italia,Ciudad_14,Juguetes,Puzzle,Distribuidor,Vendedor_4,21,542.64,17.61,441.36,8,Tarjeta,2024,Junio,Lunes,-1.2193,-88.152,9388.703016,120.14301599999999
119,2024-05-15,África,Sudáfrica,Ciudad_18,Alimentos,Cereal,Tienda,Vendedor_7,39,287.56,26.91,189.89,2,Efectivo,2024,Febrero,Sábado,27.1051,-76.9651,8196.926556,791.2165560000012
120,2024-03-07,América,México,Ciudad_4,Alimentos,Queso,Tienda,Vendedor_13,32,465.6,18.81,292.84,7,Tarjeta,2024,Octubre,Lunes,12.4792,30.8471,12096.660480000002,2725.780480000003
121,2025-01-03,Europa,Alemania,Ciudad_10,Ropa,Camisa,Online,Vendedor_7,65,367.02,26.96,303.85,4,Efectivo,2025,Abril,Lunes,20.3202,12.2089,17424.641519999997,-2325.6084800000026
122,2024-05-13,Europa,Francia,Ciudad_28,Juguetes,Pelota,Online,Vendedor_12,45,62.59,14.58,47.8,3,Tarjeta,2024,Noviembre,Jueves,38.7171,-87.8868,2405.89701,254.89701000000014
123,2024-06-23,Europa,Alemania,Ciudad_30,Hogar,Silla,Distribuidor,Vendedor_3,21,503.32,0.78,273.84,4,Tarjeta,2024,Marzo,Viernes,-28.8481,55.1805,10487.276183999998,4736.636183999999
124,2024-05-04,América,Brasil,Ciudad_29,Electrónica,Auriculares,Online,Vendedor_9,59,192.91,12.17,162.3,10,Tarjeta,2024,Noviembre,Viernes,-37.4524,60.0061,9996.538327,420.8383269999995
125,2024-06-27,África,Sudáfrica,Ciudad_11,Alimentos,Cereal,Online,Vendedor_14,31,437.46,26.0,247.57,2,Efectivo,2024,Marzo,Martes,10.7133,81.5628,10035.3324,2360.6623999999993
126,2024-02-01,África,Marruecos,Ciudad_20,Hogar,Silla,Online,Vendedor_13,46,475.89,1.86,417.13,6,Tarjeta,2024,Marzo,Miércoles,36.1892,37.3882,21483.768516,2295.7885160000005
127,2025-11-13,África,Sudáfrica,Ciudad_23,Juguetes,Auto de juguete,Online,Vendedor_5,44,129.05,16.41,75.06,2,Efectivo,2025,Septiembre,Sábado,-34.4688,-48.7484,4746.407380000001,1443.7673800000002
128,2024-09-24,Europa,Italia,Ciudad_22,Alimentos,Pan,Tienda,Vendedor_5,10,493.35,28.33,350.52,6,Transferencia,2024,Abril,Martes,8.0911,-7.2718,3535.83945,30.639450000000124
129,2025-05-13,Asia,Japón,Ciudad_10,Ropa,Camisa,Online,Vendedor_3,65,780.63,11.17,610.65,10,Efectivo,2025,Septiembre,Viernes,3.3379,58.0446,45073.185885,5380.935884999999
130,2025-02-19,América,Brasil,Ciudad_23,Electrónica,Televisor,Tienda,Vendedor_10,55,211.54,13.93,113.97,4,Efectivo,2025,Marzo,Domingo,-12.0638,-0.8489,10013.986289999999,3745.6362899999986
131,2025-07-20,África,Nigeria,Ciudad_14,Electrónica,Smartphone,Distribuidor,Vendedor_13,38,63.58,17.77,36.57,1,Tarjeta,2025,Julio,Viernes,30.3728,72.306,1986.7096920000001,597.049692
132,2025-12-21,América,México,Ciudad_12,Electrónica,Auriculares,Tienda,Vendedor_8,14,199.25,25.07,154.07,6,Tarjeta,2025,Noviembre,Domingo,-15.2797,-95.044,2090.1723500000003,-66.80764999999974
133,2024-06-19,América,Brasil,Ciudad_13,Juguetes,Puzzle,Online,Vendedor_4,49,572.18,29.35,294.31,5,Tarjeta,2024,Abril,Domingo,-2.4692,-4.319,19808.013329999994,5386.823329999994
134,2024-02-08,América,Argentina,Ciudad_11,Electrónica,Smartphone,Tienda,Vendedor_15,72,113.57,12.09,63.71,9,Tarjeta,2024,Febrero,Domingo,35.8752,-50.5853,7188.435863999999,2601.3158639999992
135,2024-06-12,Asia,Corea del Sur,Ciudad_30,Alimentos,Pan,Tienda,Vendedor_4,10,275.8,14.28,233.01,4,Efectivo,2024,Junio,Martes,5.7286,79.7802,2364.1576,34.05760000000009
136,2025-09-04,Europa,Italia,Ciudad_27,Electrónica,Smartphone,Online,Vendedor_6,29,79.41,28.74,54.62,5,Transferencia,2025,Septiembre,Miércoles,-10.2512,-61.6749,1641.0394139999999,57.05941399999983
137,2024-03-07,América,México,Ciudad_26,Hogar,Lámpara,Distribuidor,Vendedor_4,23,140.89,18.78,117.3,10,Transferencia,2024,Diciembre,Domingo,-15.6358,97.6563,2631.909734,-65.99026600000025
138,2025-06-25,Europa,España,Ciudad_29,Ropa,Zapatos,Distribuidor,Vendedor_1,32,632.34,27.91,328.21,8,Efectivo,2025,Septiembre,Miércoles,7.4825,13.522,14587.324992,4084.6049920000005
139,2025-08-22,América,Brasil,Ciudad_2,Ropa,Chaqueta,Distribuidor,Vendedor_15,62,184.63,13.4,144.83,6,Tarjeta,2025,Febrero,Viernes,-31.7657,32.7041,9913.15396,933.6939599999987
140,2024-09-12,Asia,China,Ciudad_23,Alimentos,Queso,Online,Vendedor_15,31,247.01,26.91,141.19,8,Transferencia,2024,Marzo,Miércoles,9.5274,3.1463,5596.727879,1219.8378789999997
141,2024-05-28,Asia,India,Ciudad_13,Juguetes,Muñeca,Tienda,Vendedor_4,74,103.73,17.07,84.27,3,Transferencia,2024,Agosto,Jueves,-17.8832,-58.2251,6365.723386000001,129.743386000001
142,2024-10-14,América,EEUU,Ciudad_8,Electrónica,Auriculares,Online,Vendedor_13,68,758.48,21.66,428.0,9,Efectivo,2024,Mayo,Miércoles,20.0162,-88.6171,40405.139775999996,11301.139775999996
143,2024-02-14,América,Argentina,Ciudad_23,Alimentos,Queso,Tienda,Vendedor_11,33,129.89,25.1,65.87,2,Tarjeta,2024,Abril,Viernes,-49.1458,-18.1418,3210.49113,1036.7811299999998
144,2025-11-20,África,Egipto,Ciudad_24,Electrónica,Smartphone,Distribuidor,Vendedor_11,34,414.21,0.78,304.07,9,Transferencia,2025,Octubre,Jueves,13.8269,51.8373,13973.291507999998,3634.9115079999992
145,2025-01-19,África,Marruecos,Ciudad_17,Hogar,Mesa,Tienda,Vendedor_13,12,283.6,0.74,191.4,8,Efectivo,2025,Octubre,Lunes,4.9521,-71.3452,3378.01632,1081.21632
146,2025-08-07,América,Brasil,Ciudad_1,Juguetes,Puzzle,Tienda,Vendedor_8,11,413.48,8.89,265.89,5,Tarjeta,2025,Marzo,Martes,5.7189,-87.4286,4143.937908000001,1219.1479080000008
147,2025-10-02,América,Argentina,Ciudad_4,Alimentos,Cereal,Tienda,Vendedor_11,75,662.07,11.91,490.66,5,Efectivo,2025,Diciembre,Sábado,33.6449,-15.2072,43741.30972500001,6941.809725000006
148,2025-01-17,Europa,Francia,Ciudad_11,Ropa,Chaqueta,Tienda,Vendedor_2,25,798.28,15.07,643.56,5,Efectivo,2025,Diciembre,Martes,-48.1593,-9.7987,16949.4801,860.4801000000025
149,2024-11-15,Asia,Corea del Sur,Ciudad_28,Electrónica,Laptop,Distribuidor,Vendedor_12,16,279.45,3.34,237.6,10,Transferencia,2024,Septiembre,Martes,15.2701,71.8428,4321.86192,520.2619200000004
150,2024-06-05,África,Nigeria,Ciudad_30,Ropa,Chaqueta,Distribuidor,Vendedor_5,46,510.87,23.52,327.76,10,Transferencia,2024,Junio,Domingo,-21.3195,81.5651,17972.815296,2895.8552960000015
151,2025-08-12,Asia,Japón,Ciudad_27,Juguetes,Puzzle,Tienda,Vendedor_15,59,82.78,26.26,55.59,8,Efectivo,2025,Junio,Miércoles,-46.8703,-48.8179,3601.4763480000006,321.6663480000002
152,2024-10-21,América,EEUU,Ciudad_19,Electrónica,Televisor,Tienda,Vendedor_6,58,426.26,17.62,335.53,6,Tarjeta,2024,Abril,Miércoles,-4.6112,83.4432,20366.873303999997,906.133303999999
153,2024-02-23,África,Egipto,Ciudad_10,Alimentos,Queso,Tienda,Vendedor_14,46,622.67,6.04,499.72,4,Tarjeta,2024,Marzo,Domingo,-23.6577,56.1305,26912.793672,3925.673671999997
154,2024-01-24,Europa,Italia,Ciudad_22,Electrónica,Auriculares,Distribuidor,Vendedor_7,60,236.04,1.35,126.57,5,Tarjeta,2024,Diciembre,Jueves,-5.6155,65.8697,13971.2076,6377.0076
155,2025-11-04,América,EEUU,Ciudad_23,Juguetes,Auto de juguete,Distribuidor,Vendedor_7,43,31.53,9.37,15.93,5,Transferencia,2025,Mayo,Martes,5.9825,73.0524,1228.752477,543.762477
156,2025-11-11,América,Argentina,Ciudad_10,Hogar,Silla,Tienda,Vendedor_15,69,507.39,19.7,418.83,1,Efectivo,2025,Junio,Domingo,-9.6086,49.1375,28112.95773,-786.3122700000022
157,2024-06-26,Asia,India,Ciudad_25,Alimentos,Leche,Distribuidor,Vendedor_9,59,94.02,15.31,77.63,4,Efectivo,2024,Octubre,Sábado,-29.342,47.2292,4697.906741999999,117.73674199999914
158,2024-08-28,Europa,Francia,Ciudad_12,Electrónica,Televisor,Distribuidor,Vendedor_14,72,408.77,16.21,223.3,10,Tarjeta,2024,Septiembre,Viernes,-8.383,19.9676,24660.603575999998,8583.003575999997
159,2024-02-07,Europa,Italia,Ciudad_9,Electrónica,Auriculares,Tienda,Vendedor_4,28,311.79,6.01,155.95,6,Tarjeta,2024,Junio,Miércoles,2.4223,-6.9718,8205.439788,3838.839788
160,2025-10-10,Asia,India,Ciudad_18,Hogar,Cama,Tienda,Vendedor_11,66,725.27,17.9,642.15,7,Efectivo,2025,Agosto,Sábado,-48.0721,-11.8615,39299.48022,-3082.419780000004
161,2025-09-27,América,EEUU,Ciudad_16,Electrónica,Smartphone,Tienda,Vendedor_5,76,221.39,6.39,189.36,8,Transferencia,2025,Septiembre,Sábado,11.2309,43.2148,15750.481604,1359.121604
162,2025-04-06,América,EEUU,Ciudad_27,Ropa,Pantalón,Distribuidor,Vendedor_7,47,734.61,19.25,572.84,3,Efectivo,2025,Diciembre,Miércoles,-23.6092,0.3528,27880.286024999998,956.8060249999944
163,2025-04-23,América,EEUU,Ciudad_2,Alimentos,Leche,Tienda,Vendedor_12,42,184.03,23.97,121.1,1,Tarjeta,2025,Diciembre,Sábado,19.2185,22.2813,5876.556378,790.3563780000004
164,2025-02-27,Asia,China,Ciudad_18,Electrónica,Smartphone,Distribuidor,Vendedor_15,44,174.18,28.92,148.59,2,Efectivo,2025,Septiembre,Domingo,-30.0435,-68.3393,5447.514336,-1090.4456639999999
165,2025-08-27,África,Sudáfrica,Ciudad_28,Electrónica,Televisor,Tienda,Vendedor_8,4,222.64,6.74,168.12,6,Transferencia,2025,Noviembre,Miércoles,23.1781,62.248,830.536256,158.05625599999996
166,2025-02-09,Asia,Corea del Sur,Ciudad_16,Juguetes,Muñeca,Tienda,Vendedor_8,73,761.99,25.64,493.44,3,Tarjeta,2025,Abril,Martes,46.3499,-72.0995,41362.950772000004,5341.830772000001
167,2025-08-24,Europa,Alemania,Ciudad_15,Electrónica,Laptop,Tienda,Vendedor_10,23,666.74,0.64,411.97,9,Tarjeta,2025,Septiembre,Lunes,-30.1878,-9.0572,15236.875872,5761.565871999999
168,2024-07-04,África,Nigeria,Ciudad_20,Hogar,Cama,Distribuidor,Vendedor_4,48,98.15,6.83,77.69,9,Tarjeta,2024,Septiembre,Viernes,-28.5064,-52.1659,4389.425040000001,660.3050400000011
169,2025-06-18,Europa,Francia,Ciudad_13,Hogar,Silla,Online,Vendedor_5,39,769.23,13.56,674.16,1,Tarjeta,2025,Octubre,Jueves,35.1922,24.0903,25931.974068000003,-360.2659319999948
170,2024-04-19,América,EEUU,Ciudad_28,Hogar,Silla,Tienda,Vendedor_7,11,144.02,18.79,79.64,5,Tarjeta,2024,Marzo,Jueves,49.0109,-79.5741,1286.5450620000001,410.5050620000002
171,2025-03-11,América,Brasil,Ciudad_7,Ropa,Zapatos,Distribuidor,Vendedor_12,76,242.75,17.97,125.51,4,Efectivo,2025,Agosto,Domingo,35.0948,-64.3409,15133.7147,5594.9547
172,2025-01-19,África,Egipto,Ciudad_9,Juguetes,Muñeca,Distribuidor,Vendedor_9,68,363.62,20.86,306.57,4,Tarjeta,2025,Septiembre,Martes,35.9491,-54.3048,19568.283024,-1278.476975999998
173,2025-06-24,Asia,India,Ciudad_21,Hogar,Mesa,Online,Vendedor_5,26,234.09,15.99,150.74,9,Efectivo,2025,Septiembre,Sábado,-27.1159,-10.0563,5113.134234,1193.8942339999999
174,2024-10-11,Europa,Alemania,Ciudad_1,Ropa,Chaqueta,Online,Vendedor_11,39,58.41,23.51,50.2,2,Tarjeta,2024,Marzo,Sábado,-31.0503,-56.359,1742.4345509999998,-215.36544900000035
175,2025-08-12,Asia,India,Ciudad_8,Alimentos,Leche,Online,Vendedor_7,20,42.06,25.3,35.08,5,Efectivo,2025,Marzo,Sábado,0.6021,36.7289,628.3764,-73.22359999999992
176,2025-06-06,Europa,Alemania,Ciudad_28,Electrónica,Laptop,Tienda,Vendedor_6,73,534.05,19.23,458.63,7,Efectivo,2025,Noviembre,Miércoles,-46.1024,-5.7452,31488.709504999995,-1991.2804950000027
177,2025-05-25,Asia,Corea del Sur,Ciudad_25,Alimentos,Pan,Online,Vendedor_10,58,590.26,21.11,424.81,2,Tarjeta,2025,Abril,Martes,-35.4742,82.0718,27008.054612000004,2369.074612000004
178,2024-09-19,Asia,India,Ciudad_4,Hogar,Silla,Tienda,Vendedor_3,55,651.86,25.56,512.56,10,Efectivo,2024,Agosto,Jueves,-3.9169,46.3017,26688.45212,-1502.347879999994
179,2024-02-21,Europa,España,Ciudad_9,Juguetes,Pelota,Distribuidor,Vendedor_8,52,658.05,8.79,387.5,9,Transferencia,2024,Octubre,Miércoles,-10.917,44.3874,31210.78506,11060.785059999998
180,2024-09-02,Europa,Francia,Ciudad_24,Electrónica,Smartphone,Tienda,Vendedor_9,14,393.73,7.74,206.01,9,Tarjeta,2024,Febrero,Jueves,8.1133,83.7988,5085.5741720000005,2201.4341720000007
181,2024-12-19,Asia,India,Ciudad_23,Hogar,Mesa,Distribuidor,Vendedor_6,3,184.08,7.49,129.52,1,Transferencia,2024,Junio,Viernes,-3.9336,49.1479,510.877224,122.31722399999995
182,2025-03-08,América,Argentina,Ciudad_13,Ropa,Pantalón,Tienda,Vendedor_12,28,448.87,0.33,288.32,1,Efectivo,2025,Febrero,Martes,43.1721,74.4787,12526.884412000001,4453.924412000001
183,2024-12-08,Asia,Japón,Ciudad_4,Ropa,Pantalón,Distribuidor,Vendedor_12,8,763.55,3.26,583.61,4,Transferencia,2024,Agosto,Martes,27.6109,-73.4877,5909.26616,1240.38616
184,2024-08-20,Asia,Corea del Sur,Ciudad_8,Electrónica,Televisor,Distribuidor,Vendedor_1,6,641.82,20.86,416.83,5,Tarjeta,2024,Agosto,Domingo,9.5926,70.6847,3047.618088,546.6380880000002
185,2024-08-12,África,Sudáfrica,Ciudad_22,Ropa,Zapatos,Distribuidor,Vendedor_15,12,379.87,25.97,218.38,5,Efectivo,2024,Noviembre,Miércoles,8.9312,60.0402,3374.6131320000004,754.0531320000005
186,2024-06-20,África,Sudáfrica,Ciudad_16,Juguetes,Auto de juguete,Tienda,Vendedor_10,58,408.13,18.54,360.92,8,Efectivo,2024,Noviembre,Domingo,-36.7892,-61.2621,19282.836484,-1650.523516000001
187,2024-04-06,Asia,India,Ciudad_8,Juguetes,Puzzle,Tienda,Vendedor_7,1,24.17,5.86,17.43,10,Efectivo,2024,Enero,Viernes,-30.4808,52.8521,22.753638000000002,5.3236380000000025
188,2024-11-19,Asia,Japón,Ciudad_17,Electrónica,Auriculares,Distribuidor,Vendedor_9,32,536.62,16.29,279.69,9,Tarjeta,2024,Marzo,Martes,34.5716,96.3638,14374.547263999999,5424.467263999999
189,2025-07-21,Asia,China,Ciudad_14,Alimentos,Pan,Online,Vendedor_5,31,338.65,15.18,209.52,5,Transferencia,2025,Diciembre,Miércoles,-5.8205,27.366,8904.53083,2409.41083
190,2025-02-24,América,México,Ciudad_6,Electrónica,Laptop,Tienda,Vendedor_4,16,406.52,3.11,275.29,2,Efectivo,2025,Enero,Jueves,-32.2422,-93.6402,6302.035648,1897.3956479999997
191,2025-02-23,África,Nigeria,Ciudad_15,Ropa,Camisa,Tienda,Vendedor_7,11,288.32,17.17,168.53,6,Efectivo,2025,Junio,Jueves,-49.3227,-15.0585,2626.970016,773.1400160000003
192,2025-09-09,África,Sudáfrica,Ciudad_10,Juguetes,Pelota,Tienda,Vendedor_15,72,738.09,23.85,390.91,6,Efectivo,2025,Enero,Miércoles,38.4723,48.7099,40467.99852,12322.47852
193,2025-07-01,Asia,Corea del Sur,Ciudad_26,Hogar,Silla,Tienda,Vendedor_4,58,14.18,12.65,8.38,5,Tarjeta,2025,Diciembre,Martes,-18.1662,-8.9954,718.4013399999999,232.36133999999987
194,2024-10-13,América,México,Ciudad_22,Hogar,Lámpara,Online,Vendedor_9,16,282.37,4.68,144.31,3,Tarjeta,2024,Enero,Sábado,18.9203,-91.7425,4306.481344000001,1997.5213440000007
195,2024-11-09,América,Brasil,Ciudad_10,Alimentos,Pan,Online,Vendedor_14,5,260.21,21.24,198.64,8,Efectivo,2024,Abril,Sábado,-2.9915,-62.7817,1024.7069800000002,31.506980000000226
196,2025-09-18,África,Egipto,Ciudad_15,Ropa,Zapatos,Tienda,Vendedor_11,67,73.11,25.35,61.29,8,Efectivo,2025,Febrero,Martes,-8.9299,-26.1204,3656.6332049999996,-449.79679500000066
197,2024-04-02,Asia,India,Ciudad_17,Hogar,Mesa,Tienda,Vendedor_4,28,171.92,14.28,134.16,9,Transferencia,2024,Mayo,Lunes,-48.8456,-16.3244,4126.355071999999,369.87507199999936
198,2024-07-20,Asia,Japón,Ciudad_16,Hogar,Lámpara,Tienda,Vendedor_7,19,671.22,5.06,547.18,10,Efectivo,2024,Noviembre,Martes,-21.5105,43.5437,12107.869092,1711.4490920000026
199,2025-01-07,África,Nigeria,Ciudad_29,Electrónica,Auriculares,Distribuidor,Vendedor_7,72,739.93,18.07,385.7,3,Efectivo,2025,Junio,Sábado,31.444,-34.7775,43648.174728,15877.774728
200,2024-12-13,Asia,Japón,Ciudad_20,Juguetes,Pelota,Online,Vendedor_10,77,205.1,15.83,124.07,6,Tarjeta,2024,Abril,Lunes,26.7257,-51.2445,13292.71559,3739.3255900000004
201,2024-04-03,América,México,Ciudad_2,Alimentos,Leche,Tienda,Vendedor_4,56,664.93,16.62,591.3,1,Tarjeta,2024,Diciembre,Miércoles,30.1733,0.3111,31047.443503999995,-2065.3564960000003
202,2024-07-16,África,Egipto,Ciudad_16,Ropa,Chaqueta,Tienda,Vendedor_1,1,696.0,26.06,358.2,8,Transferencia,2024,Mayo,Lunes,-46.9117,-84.3644,514.6224000000001,156.4224000000001
203,2024-06-26,América,EEUU,Ciudad_26,Hogar,Silla,Tienda,Vendedor_14,15,553.59,3.97,479.21,5,Efectivo,2024,Diciembre,Jueves,-16.4011,1.1896,7974.1871550000005,786.0371550000009
204,2024-04-28,Europa,España,Ciudad_24,Ropa,Zapatos,Distribuidor,Vendedor_12,11,544.17,6.36,415.21,1,Transferencia,2024,Abril,Lunes,20.9539,-45.3233,5605.168668,1037.8586680000008
205,2025-11-12,América,México,Ciudad_5,Ropa,Chaqueta,Tienda,Vendedor_11,16,309.0,11.53,194.59,5,Tarjeta,2025,Mayo,Domingo,32.6221,52.3121,4373.9568,1260.5167999999999
206,2024-02-02,África,Sudáfrica,Ciudad_19,Alimentos,Pan,Distribuidor,Vendedor_14,16,706.29,11.52,581.68,8,Transferencia,2024,Noviembre,Domingo,36.0583,-64.3249,9998.806272,691.9262720000006
207,2025-08-19,Asia,Japón,Ciudad_2,Electrónica,Auriculares,Distribuidor,Vendedor_2,40,409.63,21.13,297.94,8,Transferencia,2025,Septiembre,Lunes,-19.7742,-95.0981,12923.007239999999,1005.4072399999986
208,2025-02-17,América,Brasil,Ciudad_22,Juguetes,Pelota,Online,Vendedor_6,76,613.3,8.81,491.22,3,Efectivo,2025,Junio,Sábado,-1.1711,-71.5994,42504.38851999999,5171.668519999992
209,2025-12-22,América,Brasil,Ciudad_24,Juguetes,Pelota,Distribuidor,Vendedor_5,54,189.56,27.86,102.01,5,Transferencia,2025,Marzo,Sábado,44.7966,59.6324,7384.423536,1875.8835360000003
210,2025-09-04,América,México,Ciudad_7,Juguetes,Muñeca,Tienda,Vendedor_14,10,5.27,2.39,3.03,5,Efectivo,2025,Julio,Jueves,39.1175,-91.8966,51.44046999999999,21.140469999999993
211,2024-07-08,África,Nigeria,Ciudad_27,Ropa,Zapatos,Tienda,Vendedor_10,19,56.64,9.95,29.7,4,Tarjeta,2024,Mayo,Viernes,-17.5021,62.692,969.08208,404.78208000000006
212,2025-09-03,América,Brasil,Ciudad_16,Hogar,Mesa,Online,Vendedor_8,52,619.81,21.48,484.78,9,Tarjeta,2025,Julio,Miércoles,45.5391,57.9945,25307.090223999996,98.53022399999827
213,2025-01-25,América,Brasil,Ciudad_11,Electrónica,Auriculares,Tienda,Vendedor_6,72,283.74,16.11,150.52,5,Transferencia,2025,Abril,Domingo,-19.2598,3.1049,17138.122991999997,6300.682991999996
214,2025-05-23,Europa,Alemania,Ciudad_20,Ropa,Pantalón,Distribuidor,Vendedor_15,49,636.85,15.57,333.37,1,Transferencia,2025,Junio,Jueves,-12.8882,-16.3508,26346.930295000002,10011.800295000001
215,2024-02-27,África,Marruecos,Ciudad_13,Hogar,Cama,Online,Vendedor_2,50,151.37,23.16,114.81,4,Tarjeta,2024,Marzo,Jueves,-40.9635,62.877,5815.6354,75.13540000000012
216,2025-10-09,América,Brasil,Ciudad_8,Alimentos,Leche,Tienda,Vendedor_11,19,784.09,28.22,526.06,6,Tarjeta,2025,Marzo,Lunes,-23.7737,-76.6415,10693.576238000001,698.436238000002
217,2025-02-24,Asia,India,Ciudad_16,Hogar,Cama,Online,Vendedor_1,25,314.79,9.38,171.38,10,Transferencia,2025,Agosto,Domingo,29.7796,-21.8736,7131.5674500000005,2847.0674500000005
218,2025-01-01,Europa,Francia,Ciudad_28,Ropa,Chaqueta,Online,Vendedor_13,48,267.19,4.31,138.24,10,Transferencia,2025,Marzo,Martes,27.3409,-44.1697,12272.357327999998,5636.837327999998
219,2025-01-10,Asia,India,Ciudad_15,Ropa,Pantalón,Distribuidor,Vendedor_2,41,257.67,12.79,218.39,3,Tarjeta,2025,Enero,Viernes,39.6102,-39.519,9213.274287,259.2842870000004
220,2024-12-17,África,Nigeria,Ciudad_24,Hogar,Mesa,Distribuidor,Vendedor_12,53,774.49,25.87,573.95,7,Tarjeta,2024,Octubre,Miércoles,12.4753,-38.5493,30428.860161000004,9.510161000001972
221,2025-02-16,América,México,Ciudad_12,Alimentos,Queso,Online,Vendedor_8,45,496.81,10.42,297.71,4,Transferencia,2025,Enero,Miércoles,44.2576,-60.0298,20026.90791,6629.957910000003
222,2025-10-06,Europa,España,Ciudad_11,Ropa,Zapatos,Online,Vendedor_5,9,312.38,28.63,243.56,4,Transferencia,2025,Enero,Miércoles,6.6178,-84.2108,2006.510454,-185.52954599999998
223,2024-01-01,Europa,Francia,Ciudad_10,Alimentos,Pan,Tienda,Vendedor_4,68,612.24,24.17,451.78,5,Tarjeta,2024,Diciembre,Jueves,-37.4551,55.1202,31569.788256,848.7482560000026
224,2025-04-28,Europa,Italia,Ciudad_27,Hogar,Silla,Tienda,Vendedor_11,72,596.61,6.17,343.49,9,Efectivo,2025,Diciembre,Jueves,-43.415,39.0033,40305.539736,15574.259736
225,2025-03-08,África,Sudáfrica,Ciudad_29,Juguetes,Pelota,Tienda,Vendedor_6,18,83.29,18.64,45.66,6,Tarjeta,2025,Diciembre,Sábado,-48.9595,-84.0902,1219.765392,397.88539200000014
226,2024-08-15,África,Nigeria,Ciudad_24,Juguetes,Auto de juguete,Distribuidor,Vendedor_7,62,247.07,25.19,142.12,2,Efectivo,2024,Noviembre,Domingo,-23.2045,85.6412,11459.650153999999,2648.2101539999985
227,2024-02-05,América,Brasil,Ciudad_17,Hogar,Silla,Online,Vendedor_15,35,139.59,10.26,69.99,4,Transferencia,2024,Febrero,Jueves,-43.9402,-97.289,4384.38231,1934.7323100000003
228,2025-04-14,Europa,España,Ciudad_3,Hogar,Lámpara,Distribuidor,Vendedor_12,24,163.98,12.33,113.71,10,Transferencia,2025,Diciembre,Sábado,30.1307,12.6832,3450.270384,721.230384
229,2025-03-28,Asia,India,Ciudad_18,Ropa,Chaqueta,Distribuidor,Vendedor_15,44,21.25,16.42,11.44,2,Efectivo,2025,Diciembre,Sábado,-17.8547,-3.2572,781.473,278.113
230,2024-11-05,Europa,España,Ciudad_27,Ropa,Camisa,Online,Vendedor_6,43,790.32,5.58,633.86,7,Tarjeta,2024,Junio,Jueves,35.5076,-93.5603,32087.466192000004,4831.486192000004
231,2024-08-15,África,Egipto,Ciudad_3,Electrónica,Auriculares,Tienda,Vendedor_7,68,627.25,28.22,542.47,9,Transferencia,2024,Diciembre,Domingo,-25.7025,29.7884,30616.3234,-6271.636599999998
232,2025-05-23,América,México,Ciudad_21,Ropa,Chaqueta,Tienda,Vendedor_4,36,518.18,10.98,455.87,6,Transferencia,2025,Marzo,Viernes,48.2292,81.5889,16606.218096,194.8980960000008
233,2025-01-11,Europa,España,Ciudad_5,Juguetes,Muñeca,Online,Vendedor_1,27,239.09,6.6,177.77,6,Tarjeta,2025,Enero,Lunes,-36.4551,-32.7465,6029.37162,1229.58162
234,2025-06-10,Europa,Alemania,Ciudad_26,Ropa,Pantalón,Online,Vendedor_11,75,228.07,18.87,140.03,1,Tarjeta,2025,Marzo,Domingo,-49.7631,43.3406,13877.489325,3375.2393250000005
235,2025-09-09,América,México,Ciudad_24,Juguetes,Auto de juguete,Tienda,Vendedor_1,68,789.11,6.31,401.19,3,Efectivo,2025,Mayo,Miércoles,11.3847,-31.6973,50273.566812000005,22992.646812000006
236,2024-03-05,África,Nigeria,Ciudad_11,Electrónica,Televisor,Online,Vendedor_14,75,260.94,19.45,214.44,4,Efectivo,2024,Julio,Martes,-40.457,-53.9358,15764.03775,-318.9622500000005
237,2025-04-28,Asia,India,Ciudad_9,Ropa,Pantalón,Distribuidor,Vendedor_12,2,453.07,0.48,337.99,6,Transferencia,2025,Febrero,Jueves,-40.2057,-88.1751,901.790528,225.81052799999998
238,2025-01-13,Europa,Italia,Ciudad_5,Electrónica,Auriculares,Distribuidor,Vendedor_12,14,650.63,10.09,466.08,3,Tarjeta,2025,Noviembre,Viernes,-29.3311,62.9559,8189.740062,1664.620062
239,2025-05-12,África,Marruecos,Ciudad_1,Electrónica,Auriculares,Online,Vendedor_13,11,761.07,11.64,427.33,7,Efectivo,2025,Enero,Domingo,-29.1894,-93.4952,7397.295972,2696.665972
240,2025-09-12,Europa,Italia,Ciudad_27,Juguetes,Auto de juguete,Tienda,Vendedor_5,35,250.98,18.75,213.85,7,Efectivo,2025,Febrero,Domingo,-11.7363,71.0472,7137.24375,-347.50625000000036
241,2024-08-20,África,Marruecos,Ciudad_10,Juguetes,Pelota,Online,Vendedor_7,9,672.64,26.94,461.36,6,Efectivo,2024,Enero,Viernes,-43.3043,-19.2845,4422.877055999999,270.6370559999996
242,2024-07-25,América,México,Ciudad_1,Juguetes,Pelota,Distribuidor,Vendedor_8,26,241.2,26.33,135.99,8,Efectivo,2024,Mayo,Sábado,-11.3869,54.5608,4619.99304,1084.25304
243,2025-09-04,Asia,Japón,Ciudad_11,Juguetes,Pelota,Online,Vendedor_13,59,344.56,1.83,293.91,4,Transferencia,2025,Febrero,Sábado,3.824,64.3693,19957.018568,2616.328567999997
244,2024-04-21,Asia,China,Ciudad_7,Juguetes,Pelota,Online,Vendedor_6,73,53.37,10.71,40.21,6,Tarjeta,2024,Julio,Sábado,31.5413,-48.8684,3478.747329,543.4173289999999
245,2024-01-13,América,México,Ciudad_28,Electrónica,Laptop,Distribuidor,Vendedor_5,19,89.71,16.92,57.76,9,Efectivo,2024,Julio,Miércoles,33.3473,88.4115,1416.0902919999999,318.6502919999998
246,2024-09-10,Asia,China,Ciudad_12,Ropa,Camisa,Tienda,Vendedor_15,17,319.77,13.32,231.34,9,Tarjeta,2024,Enero,Viernes,31.5931,-4.3453,4712.002812000001,779.2228120000004
247,2024-09-25,Europa,Francia,Ciudad_1,Alimentos,Queso,Distribuidor,Vendedor_12,39,392.75,0.03,216.72,8,Transferencia,2024,Abril,Domingo,-43.2972,-57.3648,15312.654825,6860.574825
248,2025-05-04,Europa,Italia,Ciudad_2,Hogar,Cama,Tienda,Vendedor_11,13,705.23,29.68,579.69,8,Efectivo,2025,Junio,Jueves,28.5762,-30.3169,6446.930568000001,-1089.0394320000005
249,2024-04-06,América,Argentina,Ciudad_6,Juguetes,Pelota,Distribuidor,Vendedor_10,47,674.05,23.92,417.43,2,Efectivo,2024,Julio,Domingo,6.0647,4.0463,24102.410279999996,4483.200279999997
250,2024-08-23,Asia,Corea del Sur,Ciudad_20,Ropa,Chaqueta,Online,Vendedor_5,69,156.79,28.91,85.75,2,Transferencia,2024,Diciembre,Jueves,41.0052,-74.1108,7690.878759,1774.1287590000002
251,2024-04-25,Asia,Japón,Ciudad_9,Electrónica,Televisor,Online,Vendedor_5,70,530.03,7.8,379.26,6,Efectivo,2024,Mayo,Lunes,36.8633,-6.4374,34208.1362,7659.9362
252,2025-11-08,África,Egipto,Ciudad_9,Electrónica,Televisor,Online,Vendedor_9,51,580.09,16.08,402.57,7,Tarjeta,2025,Febrero,Sábado,-40.7648,68.6311,24827.387928,4296.317928
253,2025-06-21,África,Nigeria,Ciudad_24,Hogar,Silla,Distribuidor,Vendedor_3,66,475.58,22.42,331.1,6,Transferencia,2025,Diciembre,Viernes,-34.9061,-58.3736,24351.027624000002,2498.427624
254,2025-11-24,Asia,India,Ciudad_19,Alimentos,Leche,Distribuidor,Vendedor_4,19,709.27,23.04,415.31,2,Efectivo,2025,Noviembre,Jueves,43.4794,4.3034,10371.229648,2480.339648
255,2024-04-08,Asia,Japón,Ciudad_1,Ropa,Zapatos,Distribuidor,Vendedor_10,73,221.55,4.09,175.46,2,Efectivo,2024,Octubre,Martes,-49.0806,68.918,15511.668165000001,2703.088165000001
256,2025-06-22,América,México,Ciudad_30,Juguetes,Puzzle,Distribuidor,Vendedor_10,47,772.05,17.89,435.42,4,Efectivo,2025,Octubre,Sábado,-0.9407,-36.6991,29794.721984999996,9329.981984999995
257,2025-03-09,Asia,India,Ciudad_11,Ropa,Pantalón,Online,Vendedor_2,22,358.76,24.8,232.05,5,Tarjeta,2025,Noviembre,Viernes,7.1034,36.8585,5935.32544,830.2254399999993
258,2025-09-18,América,Brasil,Ciudad_28,Alimentos,Leche,Tienda,Vendedor_2,44,393.4,12.68,299.04,1,Tarjeta,2025,Octubre,Lunes,36.1179,6.3287,15114.742719999998,1956.9827199999982
259,2024-04-27,América,México,Ciudad_8,Electrónica,Smartphone,Tienda,Vendedor_4,68,625.21,5.25,530.51,9,Transferencia,2024,Abril,Viernes,-5.9201,-35.7875,40282.2803,4207.600299999998
260,2024-08-18,Europa,Italia,Ciudad_30,Hogar,Silla,Tienda,Vendedor_7,15,549.21,25.89,444.79,1,Transferencia,2024,Enero,Miércoles,-2.234,-0.565,6105.292965000001,-566.5570349999998
261,2024-08-12,Asia,China,Ciudad_10,Hogar,Silla,Online,Vendedor_5,15,380.93,23.14,213.22,1,Efectivo,2024,Mayo,Jueves,19.7185,56.8903,4391.741969999999,1193.441969999999
262,2024-11-26,África,Marruecos,Ciudad_30,Hogar,Lámpara,Distribuidor,Vendedor_15,58,136.61,27.94,78.77,7,Tarjeta,2024,Junio,Martes,5.9089,-79.5137,5709.587628,1140.9276280000004
263,2024-04-27,África,Egipto,Ciudad_6,Alimentos,Pan,Tienda,Vendedor_13,1,738.19,4.12,380.94,6,Transferencia,2024,Enero,Viernes,-35.572,69.3447,707.776572,326.836572
264,2024-12-18,Asia,Corea del Sur,Ciudad_11,Ropa,Zapatos,Tienda,Vendedor_8,78,33.18,3.17,28.91,8,Transferencia,2024,Agosto,Martes,2.3458,-71.2836,2505.999132,251.0191319999999
265,2025-02-05,África,Egipto,Ciudad_1,Juguetes,Muñeca,Tienda,Vendedor_10,78,697.43,21.94,389.29,2,Transferencia,2025,Julio,Domingo,-37.4458,33.0997,42464.28092399999,12099.660923999989
266,2025-02-15,Asia,India,Ciudad_23,Hogar,Lámpara,Tienda,Vendedor_14,77,25.66,6.01,13.34,9,Transferencia,2025,Diciembre,Lunes,3.8281,-78.8898,1857.0732179999998,829.8932179999997
267,2025-11-07,África,Marruecos,Ciudad_2,Electrónica,Auriculares,Tienda,Vendedor_2,80,175.66,13.62,154.44,6,Efectivo,2025,Marzo,Miércoles,-37.6857,-94.6583,12138.80864,-216.39136000000144
268,2025-06-26,Asia,Corea del Sur,Ciudad_9,Electrónica,Televisor,Online,Vendedor_3,64,773.92,22.92,660.2,5,Efectivo,2025,Abril,Miércoles,-14.8995,73.63,38178.402303999996,-4074.3976960000073
269,2025-08-04,América,México,Ciudad_9,Hogar,Mesa,Distribuidor,Vendedor_6,37,164.75,17.5,90.38,1,Efectivo,2025,Febrero,Domingo,17.8741,85.0005,5028.99375,1684.9337499999997
270,2024-04-13,África,Nigeria,Ciudad_21,Juguetes,Puzzle,Tienda,Vendedor_7,49,292.59,23.05,163.47,5,Efectivo,2024,Noviembre,Martes,20.7413,-77.5676,11032.252244999998,3022.222244999998
271,2024-07-17,Asia,Corea del Sur,Ciudad_22,Hogar,Silla,Online,Vendedor_2,64,135.76,3.61,95.62,8,Tarjeta,2024,Septiembre,Miércoles,-30.6475,-39.4187,8374.980096,2255.300095999999
272,2025-03-02,Europa,Alemania,Ciudad_24,Alimentos,Cereal,Tienda,Vendedor_15,5,610.8,28.99,363.53,6,Efectivo,2025,Mayo,Jueves,43.0084,89.6404,2168.6454,350.9954
273,2024-04-21,África,Egipto,Ciudad_6,Juguetes,Puzzle,Online,Vendedor_12,21,638.49,18.37,407.29,5,Tarjeta,2024,Enero,Miércoles,-31.935,-59.6989,10945.187127000001,2392.097127000001
274,2024-08-15,Asia,China,Ciudad_28,Ropa,Camisa,Online,Vendedor_15,24,308.98,22.45,193.93,1,Transferencia,2024,Noviembre,Lunes,-1.5444,-29.0428,5750.7357600000005,1096.4157600000008
275,2024-05-01,África,Marruecos,Ciudad_17,Ropa,Pantalón,Distribuidor,Vendedor_1,69,14.12,28.54,7.94,7,Transferencia,2024,Diciembre,Lunes,26.9023,-66.5093,696.220488,148.36048800000003
276,2025-02-27,Europa,Alemania,Ciudad_19,Electrónica,Auriculares,Online,Vendedor_5,6,379.58,5.83,320.37,6,Efectivo,2025,Agosto,Miércoles,-39.1181,58.576,2144.702916,222.48291600000016
277,2024-10-08,Asia,Japón,Ciudad_2,Juguetes,Auto de juguete,Tienda,Vendedor_1,23,340.66,12.85,261.2,6,Tarjeta,2024,Enero,Jueves,38.6643,-15.744,6828.35937,820.7593700000007
278,2025-08-25,Europa,Francia,Ciudad_22,Alimentos,Queso,Online,Vendedor_13,18,376.08,8.11,207.39,1,Transferencia,2025,Junio,Martes,26.4876,39.4137,6220.438416,2487.4184160000004
279,2024-08-28,África,Nigeria,Ciudad_19,Ropa,Camisa,Distribuidor,Vendedor_5,41,27.32,4.03,13.92,4,Transferencia,2024,Octubre,Miércoles,0.8598,-72.0655,1074.979164,504.25916400000006
280,2024-06-11,América,Argentina,Ciudad_28,Alimentos,Pan,Distribuidor,Vendedor_9,73,625.24,1.05,436.79,7,Transferencia,2024,Enero,Lunes,-3.54,-67.5515,45163.27354000001,13277.603540000007
281,2025-10-07,Asia,India,Ciudad_30,Electrónica,Smartphone,Online,Vendedor_10,69,665.79,11.0,460.56,5,Tarjeta,2025,Noviembre,Jueves,49.5482,40.5465,40886.1639,9107.5239
282,2025-11-02,Asia,Japón,Ciudad_14,Hogar,Lámpara,Tienda,Vendedor_14,54,25.17,11.69,21.02,5,Tarjeta,2025,Septiembre,Miércoles,32.92,-88.0728,1200.291858,65.21185800000012
283,2024-09-26,Europa,Italia,Ciudad_10,Ropa,Camisa,Tienda,Vendedor_9,65,284.28,15.52,173.5,2,Efectivo,2024,Febrero,Domingo,-41.0133,-7.0926,15610.383359999998,4332.883359999998
284,2024-07-19,Asia,Corea del Sur,Ciudad_30,Alimentos,Leche,Tienda,Vendedor_4,75,441.1,12.92,330.75,5,Efectivo,2024,Abril,Viernes,-24.8231,54.3372,28808.241,4001.991000000002
285,2025-04-06,América,EEUU,Ciudad_22,Ropa,Pantalón,Online,Vendedor_5,61,97.07,2.88,49.2,3,Transferencia,2025,Agosto,Jueves,-25.9086,42.8815,5750.737423999999,2749.5374239999987
286,2024-06-15,Europa,España,Ciudad_10,Ropa,Pantalón,Online,Vendedor_9,4,568.61,16.17,422.26,1,Tarjeta,2024,Diciembre,Miércoles,46.5643,-48.5249,1906.663052,217.62305200000014
287,2025-10-21,Europa,Alemania,Ciudad_14,Ropa,Pantalón,Tienda,Vendedor_11,9,246.42,10.81,152.08,3,Transferencia,2025,Mayo,Domingo,18.7355,-8.7578,1978.0379819999998,609.3179819999998
288,2025-06-05,Asia,India,Ciudad_18,Juguetes,Muñeca,Tienda,Vendedor_10,26,776.53,11.87,616.65,6,Efectivo,2025,Septiembre,Jueves,-17.3963,-90.9821,17793.253114,1760.3531139999996
289,2024-07-15,Asia,Corea del Sur,Ciudad_2,Juguetes,Puzzle,Distribuidor,Vendedor_12,32,612.48,18.87,452.98,2,Tarjeta,2024,Noviembre,Domingo,-47.8478,89.9832,15900.960768,1405.6007680000002
290,2025-12-09,Asia,Japón,Ciudad_29,Juguetes,Puzzle,Online,Vendedor_12,15,457.08,5.35,279.01,6,Transferencia,2025,Marzo,Sábado,48.3445,-94.1242,6489.3933,2304.2433
291,2024-08-02,Europa,España,Ciudad_19,Hogar,Cama,Tienda,Vendedor_5,57,564.66,24.45,373.27,7,Transferencia,2024,Mayo,Martes,21.9777,-66.068,24316.23591,3039.84591
292,2025-03-24,Europa,Alemania,Ciudad_7,Juguetes,Puzzle,Online,Vendedor_1,66,146.19,11.4,88.64,2,Tarjeta,2025,Julio,Martes,11.1365,-69.993,8548.60644,2698.36644
293,2025-03-26,América,EEUU,Ciudad_27,Electrónica,Auriculares,Tienda,Vendedor_14,17,693.22,19.32,470.9,7,Efectivo,2025,Agosto,Martes,43.513,30.8294,9507.928232,1502.628232000001
294,2025-01-19,Asia,China,Ciudad_9,Alimentos,Queso,Distribuidor,Vendedor_5,40,543.48,27.4,433.89,1,Transferencia,2025,Febrero,Martes,9.4396,95.0912,15782.6592,-1572.9407999999985
295,2024-12-07,África,Nigeria,Ciudad_22,Hogar,Mesa,Distribuidor,Vendedor_4,36,603.94,25.44,356.83,3,Tarjeta,2024,Agosto,Lunes,39.9354,-30.5373,16210.715904000004,3364.835904000005
296,2024-10-07,América,EEUU,Ciudad_27,Ropa,Camisa,Online,Vendedor_3,41,524.1,12.37,453.52,3,Efectivo,2024,Agosto,Lunes,-43.5558,-96.3792,18830.02203,235.70203000000038
297,2025-09-25,Europa,Alemania,Ciudad_1,Ropa,Zapatos,Distribuidor,Vendedor_2,20,221.65,3.45,191.52,5,Efectivo,2025,Febrero,Jueves,-37.6916,98.8922,4280.0615,449.6614999999997
298,2025-12-22,África,Marruecos,Ciudad_12,Juguetes,Pelota,Tienda,Vendedor_12,57,6.82,6.71,5.36,3,Transferencia,2025,Mayo,Miércoles,-27.1932,-1.443,362.655546,57.13554599999998
299,2024-05-04,América,EEUU,Ciudad_16,Alimentos,Pan,Distribuidor,Vendedor_14,8,147.3,18.99,122.2,8,Efectivo,2024,Enero,Viernes,8.7925,-88.9552,954.6218400000001,-22.97815999999989
300,2025-07-11,Europa,Italia,Ciudad_24,Alimentos,Queso,Tienda,Vendedor_8,10,318.93,18.09,213.43,9,Transferencia,2025,Julio,Martes,-15.9616,-88.7124,2612.35563,478.05562999999984
301,2025-01-16,África,Sudáfrica,Ciudad_13,Juguetes,Auto de juguete,Online,Vendedor_10,54,439.02,29.86,348.3,5,Transferencia,2025,Mayo,Martes,-35.1061,76.9416,16628.145912,-2180.054088000001
302,2025-01-28,Europa,Italia,Ciudad_29,Hogar,Lámpara,Online,Vendedor_6,22,158.31,8.42,108.96,8,Tarjeta,2025,Febrero,Viernes,-3.1548,29.3023,3189.5665559999998,792.4465559999999
303,2024-03-11,África,Egipto,Ciudad_12,Alimentos,Leche,Distribuidor,Vendedor_12,70,115.61,23.59,78.74,5,Tarjeta,2024,Julio,Lunes,-42.6601,12.4,6183.63207,671.8320700000004
304,2024-05-13,Asia,China,Ciudad_1,Ropa,Zapatos,Tienda,Vendedor_2,64,738.16,21.59,571.46,1,Transferencia,2024,Marzo,Jueves,27.313,78.8079,37042.640384,469.2003839999961
305,2025-07-28,Asia,Corea del Sur,Ciudad_14,Hogar,Cama,Tienda,Vendedor_8,6,54.94,5.72,32.23,8,Efectivo,2025,Mayo,Miércoles,34.3693,7.9094,310.784592,117.40459199999998
306,2024-06-16,África,Marruecos,Ciudad_9,Juguetes,Muñeca,Distribuidor,Vendedor_11,53,13.0,1.53,10.55,3,Tarjeta,2024,Marzo,Jueves,40.9908,2.3155,678.4583,119.30829999999992
307,2024-05-05,Asia,Corea del Sur,Ciudad_5,Electrónica,Auriculares,Online,Vendedor_9,65,500.72,1.87,442.73,7,Efectivo,2024,Abril,Martes,-1.2245,-29.0453,31938.17484,3160.724839999999
308,2025-06-03,Europa,Italia,Ciudad_22,Ropa,Chaqueta,Online,Vendedor_2,2,298.05,8.46,235.59,4,Tarjeta,2025,Septiembre,Viernes,-27.6036,-47.5494,545.66994,74.48993999999999
309,2024-11-22,África,Marruecos,Ciudad_1,Electrónica,Televisor,Online,Vendedor_11,25,150.53,19.34,83.82,9,Tarjeta,2024,Noviembre,Lunes,32.1772,63.9942,3035.43745,939.9374499999999
310,2024-03-20,África,Marruecos,Ciudad_26,Juguetes,Puzzle,Distribuidor,Vendedor_15,45,60.64,17.71,34.61,6,Tarjeta,2024,Noviembre,Martes,4.501,93.6001,2245.52952,688.07952
311,2024-12-10,América,Argentina,Ciudad_29,Hogar,Lámpara,Distribuidor,Vendedor_13,30,692.92,17.77,563.89,7,Tarjeta,2024,Marzo,Sábado,16.9267,39.0122,17093.64348,176.9434799999981
312,2024-05-11,Asia,Japón,Ciudad_21,Electrónica,Laptop,Tienda,Vendedor_15,39,387.28,24.22,288.78,9,Transferencia,2024,Febrero,Miércoles,-38.6651,55.8223,11445.750575999999,183.3305760000003
313,2025-06-15,América,EEUU,Ciudad_4,Ropa,Chaqueta,Tienda,Vendedor_11,13,17.52,22.95,11.37,3,Efectivo,2025,Noviembre,Sábado,-9.759,-2.225,175.48907999999997,27.67907999999997
314,2024-05-01,Asia,India,Ciudad_24,Alimentos,Leche,Distribuidor,Vendedor_2,18,517.5,5.47,439.64,10,Transferencia,2024,Agosto,Sábado,-17.9861,38.3653,8805.469500000001,891.9495000000015
315,2025-01-01,África,Marruecos,Ciudad_29,Alimentos,Pan,Online,Vendedor_8,7,328.98,7.72,179.17,1,Efectivo,2025,Junio,Jueves,48.2833,49.7818,2125.079208,870.8892080000003
316,2024-05-02,América,Brasil,Ciudad_5,Ropa,Camisa,Distribuidor,Vendedor_5,29,403.78,16.83,232.48,3,Tarjeta,2024,Febrero,Lunes,-49.9934,75.5241,9738.890953999999,2996.9709539999985
317,2024-08-04,América,Argentina,Ciudad_19,Alimentos,Pan,Tienda,Vendedor_5,16,324.38,26.21,187.19,9,Tarjeta,2024,Octubre,Miércoles,49.3007,21.5454,3829.760032,834.7200320000002
318,2024-02-19,Asia,Corea del Sur,Ciudad_10,Hogar,Lámpara,Tienda,Vendedor_15,53,50.09,15.05,39.91,8,Efectivo,2024,Febrero,Sábado,44.6027,3.2129,2255.227115,139.99711500000012
319,2025-03-14,América,Brasil,Ciudad_16,Hogar,Cama,Distribuidor,Vendedor_12,39,178.15,4.18,145.85,4,Tarjeta,2025,Abril,Lunes,44.2541,74.5635,6657.429870000001,969.2798700000012
320,2025-09-05,Europa,España,Ciudad_8,Juguetes,Pelota,Tienda,Vendedor_15,9,582.05,10.41,378.73,6,Transferencia,2025,Marzo,Viernes,2.5061,99.2562,4693.127355,1284.5573549999995
321,2025-10-03,Europa,Italia,Ciudad_16,Juguetes,Puzzle,Online,Vendedor_11,16,591.66,17.38,404.56,7,Transferencia,2025,Febrero,Lunes,33.8977,-9.4339,7821.271872,1348.3118720000002
322,2024-09-06,Asia,China,Ciudad_1,Hogar,Silla,Tienda,Vendedor_10,69,171.73,29.88,109.44,10,Tarjeta,2024,Noviembre,Domingo,40.7142,-53.8387,8308.778244,757.4182439999995
323,2024-10-19,Asia,Corea del Sur,Ciudad_30,Juguetes,Puzzle,Distribuidor,Vendedor_13,53,30.81,29.58,16.21,5,Transferencia,2024,Noviembre,Miércoles,29.6411,-6.8287,1149.9093059999998,290.7793059999998
324,2024-10-01,Asia,Corea del Sur,Ciudad_11,Juguetes,Pelota,Distribuidor,Vendedor_14,71,389.48,17.42,205.79,7,Tarjeta,2024,Noviembre,Viernes,7.9614,-29.9476,22835.913464,8224.823464000001
325,2024-12-06,Europa,Italia,Ciudad_15,Alimentos,Pan,Tienda,Vendedor_9,29,427.06,14.48,295.45,2,Efectivo,2024,Junio,Domingo,-24.4803,82.3589,10591.429648,2023.379648
326,2024-07-21,Europa,Alemania,Ciudad_6,Juguetes,Puzzle,Tienda,Vendedor_9,47,47.52,7.9,37.57,1,Transferencia,2024,Octubre,Domingo,18.9669,-80.7868,2056.9982400000004,291.2082400000004
327,2024-09-07,América,México,Ciudad_1,Juguetes,Muñeca,Distribuidor,Vendedor_6,4,746.09,9.85,532.58,9,Tarjeta,2024,Junio,Domingo,35.8145,80.5505,2690.40054,560.0805399999999
328,2024-02-25,Asia,Japón,Ciudad_27,Ropa,Chaqueta,Tienda,Vendedor_1,51,218.46,11.71,161.12,5,Tarjeta,2024,Mayo,Sábado,-39.2421,24.082,9836.795034,1619.6750339999999
329,2024-04-15,Europa,Italia,Ciudad_26,Ropa,Chaqueta,Distribuidor,Vendedor_3,4,410.22,27.08,310.62,1,Transferencia,2024,Enero,Martes,-2.0829,-95.561,1196.5296960000003,-45.95030399999973
330,2025-12-03,África,Marruecos,Ciudad_7,Hogar,Mesa,Tienda,Vendedor_6,72,504.43,24.98,289.93,9,Efectivo,2025,Abril,Domingo,-21.9531,-30.6349,27246.483792,6371.523792
331,2025-12-24,Asia,China,Ciudad_11,Hogar,Mesa,Distribuidor,Vendedor_8,65,53.51,4.18,28.74,9,Efectivo,2025,Marzo,Domingo,-17.0883,61.2162,3332.76333,1464.6633300000003
332,2024-01-21,Europa,España,Ciudad_19,Electrónica,Televisor,Tienda,Vendedor_15,71,238.46,24.4,119.87,3,Tarjeta,2024,Junio,Sábado,-36.8193,-27.4811,12799.57896,4288.80896
333,2025-07-25,Asia,Japón,Ciudad_25,Hogar,Silla,Tienda,Vendedor_4,64,649.44,10.12,427.06,4,Efectivo,2025,Diciembre,Domingo,-2.3351,10.8494,37357.86700800001,10026.027008000008
334,2024-09-22,África,Nigeria,Ciudad_28,Alimentos,Queso,Tienda,Vendedor_13,63,638.83,25.1,500.89,7,Efectivo,2024,Julio,Viernes,26.084,95.3477,30144.47121,-1411.59879
335,2025-08-15,América,Brasil,Ciudad_3,Alimentos,Queso,Tienda,Vendedor_15,53,252.34,15.77,224.42,4,Efectivo,2025,Septiembre,Lunes,19.9159,14.1241,11264.937046000001,-629.3229539999993
336,2025-09-23,Asia,Corea del Sur,Ciudad_14,Ropa,Camisa,Online,Vendedor_3,70,728.95,29.18,398.46,1,Efectivo,2025,Marzo,Martes,-42.0305,-39.3013,36136.9673,8244.7673
337,2024-06-21,África,Nigeria,Ciudad_15,Juguetes,Puzzle,Distribuidor,Vendedor_3,20,402.92,0.27,296.07,9,Efectivo,2024,Abril,Miércoles,-4.9842,56.2075,8036.64232,2115.2423200000003
338,2025-06-20,Asia,Corea del Sur,Ciudad_9,Hogar,Silla,Distribuidor,Vendedor_8,79,244.76,14.89,176.26,4,Efectivo,2025,Noviembre,Domingo,-26.6871,-86.382,16456.903644,2532.3636440000028
339,2024-08-09,África,Nigeria,Ciudad_22,Juguetes,Puzzle,Distribuidor,Vendedor_15,45,89.09,7.91,61.4,3,Tarjeta,2024,Agosto,Sábado,43.0554,92.3861,3691.934145,928.9341450000002
340,2024-04-13,África,Sudáfrica,Ciudad_6,Hogar,Silla,Tienda,Vendedor_13,69,308.66,27.99,166.16,2,Transferencia,2024,Marzo,Viernes,5.2153,-72.3347,15336.358554,3871.3185540000013
341,2024-01-10,África,Marruecos,Ciudad_17,Ropa,Camisa,Tienda,Vendedor_10,78,587.19,19.2,316.3,6,Tarjeta,2024,Julio,Sábado,49.3104,49.9329,37007.062560000006,12335.662560000004
342,2024-01-23,Asia,China,Ciudad_3,Hogar,Lámpara,Tienda,Vendedor_3,36,506.29,14.97,330.2,7,Transferencia,2024,Enero,Jueves,25.0643,34.7437,15497.941932000003,3610.7419320000045
343,2024-10-19,América,Argentina,Ciudad_22,Hogar,Cama,Distribuidor,Vendedor_6,34,610.22,27.48,411.55,2,Efectivo,2024,Enero,Viernes,-20.1169,-55.9317,15046.072496,1053.372496
344,2024-01-01,Asia,Corea del Sur,Ciudad_19,Electrónica,Laptop,Tienda,Vendedor_4,18,681.24,17.32,541.67,7,Tarjeta,2024,Noviembre,Domingo,0.1909,-29.4535,10138.486176,388.42617600000085
345,2024-09-01,Asia,China,Ciudad_5,Alimentos,Cereal,Tienda,Vendedor_8,11,701.58,5.56,442.08,7,Tarjeta,2024,Septiembre,Miércoles,-49.9398,27.3015,7288.293672,2425.4136719999997
346,2024-05-10,Asia,Japón,Ciudad_13,Hogar,Lámpara,Online,Vendedor_14,1,214.11,28.48,109.92,2,Tarjeta,2024,Septiembre,Martes,-16.5147,1.6942,153.13147200000003,43.21147200000003
347,2024-05-01,África,Marruecos,Ciudad_25,Juguetes,Pelota,Online,Vendedor_8,22,357.2,6.28,245.27,3,Efectivo,2024,Septiembre,Viernes,20.2956,-33.1307,7364.8924799999995,1968.952479999999
348,2024-08-12,Asia,Corea del Sur,Ciudad_26,Alimentos,Pan,Online,Vendedor_9,62,724.92,8.21,619.37,6,Efectivo,2024,Abril,Jueves,48.7281,46.7321,41255.052216,2854.112215999994
349,2024-09-07,América,Argentina,Ciudad_11,Alimentos,Leche,Online,Vendedor_12,28,747.3,20.02,605.19,5,Efectivo,2024,Agosto,Sábado,-7.5541,-96.6034,16735.33512,-209.98487999999998
350,2025-02-22,América,Argentina,Ciudad_14,Hogar,Silla,Distribuidor,Vendedor_11,5,704.62,18.91,537.77,8,Efectivo,2025,Junio,Jueves,-19.4012,-57.9775,2856.88179,168.03179
351,2024-03-11,América,Brasil,Ciudad_7,Hogar,Silla,Tienda,Vendedor_4,39,314.27,24.66,202.98,1,Efectivo,2024,Junio,Lunes,-39.9439,53.0448,9234.069701999999,1317.8497019999995
352,2025-10-07,África,Egipto,Ciudad_12,Electrónica,Televisor,Distribuidor,Vendedor_13,33,488.0,10.82,370.47,4,Tarjeta,2025,Enero,Miércoles,6.0807,45.1956,14361.5472,2136.0372000000007
353,2025-03-21,África,Sudáfrica,Ciudad_29,Alimentos,Leche,Online,Vendedor_8,12,370.12,6.07,192.97,1,Transferencia,2025,Septiembre,Jueves,46.7559,-34.7623,4171.844592,1856.2045920000005
354,2025-07-21,África,Sudáfrica,Ciudad_3,Alimentos,Cereal,Distribuidor,Vendedor_7,10,784.0,14.55,472.19,1,Tarjeta,2025,Septiembre,Martes,-3.5477,75.5497,6699.280000000001,1977.380000000001
355,2024-01-10,África,Marruecos,Ciudad_8,Electrónica,Laptop,Tienda,Vendedor_14,62,590.28,17.87,433.69,7,Tarjeta,2024,Agosto,Martes,42.2319,17.992,30057.411768,3168.631768000003
356,2024-12-05,Asia,Corea del Sur,Ciudad_1,Juguetes,Puzzle,Online,Vendedor_9,28,718.35,16.94,452.06,8,Tarjeta,2024,Diciembre,Sábado,18.8053,66.7104,16706.52228,4048.8422800000008
357,2024-09-21,Europa,Francia,Ciudad_14,Juguetes,Pelota,Distribuidor,Vendedor_7,21,40.3,20.82,21.74,7,Tarjeta,2024,Abril,Viernes,-47.9916,-41.8051,670.10034,213.56034
358,2025-04-06,América,México,Ciudad_8,Electrónica,Auriculares,Tienda,Vendedor_2,55,549.28,28.7,403.64,9,Efectivo,2025,Octubre,Lunes,43.1626,-8.0025,21540.0152,-660.1847999999991
359,2025-09-02,África,Egipto,Ciudad_1,Ropa,Camisa,Tienda,Vendedor_10,5,679.17,15.94,359.08,10,Tarjeta,2025,Agosto,Domingo,-22.8094,13.7971,2854.55151,1059.15151
360,2025-05-14,Asia,Japón,Ciudad_14,Electrónica,Smartphone,Distribuidor,Vendedor_4,6,477.92,13.32,239.66,4,Efectivo,2025,Febrero,Martes,-14.2103,-4.8045,2485.566336,1047.6063359999998
361,2025-04-01,Asia,Japón,Ciudad_26,Alimentos,Pan,Distribuidor,Vendedor_3,41,512.22,4.04,365.39,1,Transferencia,2025,Octubre,Martes,-8.2529,-79.2473,20152.578792,5171.5887920000005
362,2024-09-12,Asia,Japón,Ciudad_17,Alimentos,Cereal,Tienda,Vendedor_6,70,225.13,3.8,116.52,10,Tarjeta,2024,Abril,Lunes,37.5582,-43.6821,15160.2542,7003.8542
363,2025-10-24,Europa,Alemania,Ciudad_18,Juguetes,Muñeca,Tienda,Vendedor_5,20,300.05,13.5,213.04,10,Tarjeta,2025,Noviembre,Viernes,40.6581,-11.2088,5190.865,930.0649999999996
364,2025-11-16,América,EEUU,Ciudad_30,Hogar,Mesa,Tienda,Vendedor_13,31,180.47,0.84,98.71,5,Transferencia,2025,Septiembre,Sábado,-37.6481,50.0212,5547.575612,2487.565612
365,2025-06-11,Europa,España,Ciudad_25,Electrónica,Laptop,Tienda,Vendedor_14,55,194.15,16.63,105.28,4,Efectivo,2025,Diciembre,Jueves,-11.6494,73.2325,8902.457025,3112.057025
366,2025-04-16,África,Marruecos,Ciudad_16,Electrónica,Auriculares,Distribuidor,Vendedor_8,19,542.16,5.92,407.71,2,Transferencia,2025,Febrero,Jueves,7.5582,87.4612,9691.218432,1944.7284319999999
367,2024-01-20,Asia,India,Ciudad_4,Alimentos,Leche,Distribuidor,Vendedor_5,67,574.65,17.08,426.57,3,Transferencia,2024,Junio,Miércoles,-8.3546,-64.1114,31925.485259999998,3345.295259999999
368,2024-04-19,África,Nigeria,Ciudad_5,Ropa,Camisa,Distribuidor,Vendedor_13,36,154.44,1.41,127.29,6,Tarjeta,2024,Junio,Martes,12.3815,56.7366,5481.446256,899.0062559999997
369,2025-09-06,América,Brasil,Ciudad_1,Juguetes,Puzzle,Tienda,Vendedor_7,23,642.02,13.95,374.45,2,Transferencia,2025,Noviembre,Lunes,-21.6001,21.3582,12706.53883,4094.188829999999
370,2024-01-15,África,Nigeria,Ciudad_11,Alimentos,Queso,Distribuidor,Vendedor_8,18,295.95,9.46,218.84,7,Efectivo,2024,Septiembre,Domingo,-41.4428,-46.5724,4823.15634,884.0363399999997
371,2025-07-07,América,EEUU,Ciudad_8,Juguetes,Muñeca,Online,Vendedor_1,8,267.41,4.4,196.79,7,Efectivo,2025,Febrero,Sábado,46.6039,92.7263,2045.1516800000002,470.83168000000023
372,2025-09-27,África,Egipto,Ciudad_17,Electrónica,Smartphone,Distribuidor,Vendedor_15,80,100.25,7.83,62.72,8,Efectivo,2025,Abril,Jueves,22.6464,12.6193,7392.034,2374.4339999999993
373,2025-05-24,Asia,China,Ciudad_3,Juguetes,Pelota,Online,Vendedor_6,54,752.75,19.62,408.34,10,Efectivo,2025,Noviembre,Domingo,40.8051,75.2006,32673.2643,10622.904300000002
374,2025-08-07,América,Brasil,Ciudad_4,Juguetes,Pelota,Tienda,Vendedor_10,32,16.57,4.49,12.98,7,Transferencia,2025,Julio,Sábado,16.2495,46.962,506.43222399999996,91.07222399999995
375,2024-05-23,Europa,España,Ciudad_27,Alimentos,Leche,Tienda,Vendedor_5,52,241.92,21.38,174.94,9,Transferencia,2024,Julio,Miércoles,32.4009,-81.3256,9890.270208,793.3902080000007
376,2025-02-02,África,Nigeria,Ciudad_15,Juguetes,Muñeca,Tienda,Vendedor_4,56,215.07,15.71,112.12,1,Transferencia,2025,Febrero,Martes,-12.2298,57.4024,10151.820168,3873.100168
377,2024-04-17,África,Nigeria,Ciudad_9,Electrónica,Smartphone,Distribuidor,Vendedor_3,38,689.96,27.71,427.46,9,Transferencia,2024,Junio,Lunes,43.7706,46.223,18953.339192000003,2709.8591920000035
378,2024-01-08,Asia,China,Ciudad_3,Electrónica,Televisor,Tienda,Vendedor_12,79,740.81,9.01,454.54,8,Efectivo,2024,Diciembre,Jueves,44.9832,86.8268,53250.978501,17342.318500999994
379,2025-04-21,América,México,Ciudad_28,Juguetes,Pelota,Tienda,Vendedor_4,6,89.08,11.41,56.54,6,Efectivo,2025,Febrero,Sábado,-31.439,29.5149,473.495832,134.255832
380,2025-09-07,América,EEUU,Ciudad_6,Ropa,Camisa,Distribuidor,Vendedor_6,54,438.88,23.06,370.15,10,Tarjeta,2025,Mayo,Martes,-39.0826,-76.0968,18234.410688,-1753.6893119999986
381,2024-03-11,Europa,Alemania,Ciudad_30,Hogar,Mesa,Tienda,Vendedor_6,69,445.67,3.59,274.25,9,Tarjeta,2024,Noviembre,Viernes,41.1724,-30.6682,29647.260843,10724.010843
382,2025-07-04,África,Marruecos,Ciudad_5,Hogar,Silla,Tienda,Vendedor_4,59,273.36,26.82,217.82,5,Efectivo,2025,Noviembre,Viernes,-31.5734,-3.4917,11802.646032,-1048.7339679999986
383,2025-05-26,África,Nigeria,Ciudad_5,Ropa,Pantalón,Tienda,Vendedor_2,1,373.03,7.18,258.81,2,Efectivo,2025,Enero,Martes,-4.0876,-63.0988,346.246446,87.43644599999999
384,2024-12-14,Europa,Francia,Ciudad_11,Ropa,Camisa,Online,Vendedor_6,12,741.59,12.63,475.39,5,Efectivo,2024,Febrero,Sábado,0.991,-29.7397,7775.126196,2070.446196
385,2024-10-05,África,Egipto,Ciudad_20,Hogar,Mesa,Online,Vendedor_2,67,111.36,12.14,64.99,8,Efectivo,2024,Mayo,Sábado,16.8988,-53.491,6555.340032,2201.010032
386,2025-02-04,África,Egipto,Ciudad_30,Ropa,Chaqueta,Online,Vendedor_1,61,200.32,2.96,107.14,3,Efectivo,2025,Abril,Miércoles,-22.9969,-94.2655,11857.822208000001,5322.282208000001
387,2024-05-06,África,Marruecos,Ciudad_24,Juguetes,Auto de juguete,Online,Vendedor_10,66,379.93,21.65,270.25,6,Transferencia,2024,Abril,Viernes,36.3018,72.0549,19646.56023,1810.0602299999991
388,2024-10-14,Asia,India,Ciudad_10,Ropa,Camisa,Distribuidor,Vendedor_10,53,486.04,1.4,376.89,10,Tarjeta,2024,Septiembre,Viernes,-13.8368,-89.9554,25399.478320000002,5424.308320000004
389,2024-08-05,América,Brasil,Ciudad_26,Alimentos,Leche,Online,Vendedor_5,51,409.42,7.11,342.9,2,Tarjeta,2024,Mayo,Sábado,-18.753,-82.7283,19395.822138000003,1907.9221380000054
390,2025-12-07,África,Sudáfrica,Ciudad_29,Hogar,Silla,Tienda,Vendedor_1,42,303.65,16.85,152.12,8,Tarjeta,2025,Octubre,Lunes,-45.9584,8.2207,10604.36895,4215.32895
391,2025-11-12,América,México,Ciudad_17,Ropa,Zapatos,Distribuidor,Vendedor_7,23,355.17,9.11,227.52,6,Tarjeta,2025,Noviembre,Sábado,-28.6161,-6.3915,7424.722299000001,2191.762299000001
392,2025-03-12,Europa,Francia,Ciudad_19,Electrónica,Smartphone,Tienda,Vendedor_12,71,503.2,24.17,436.15,5,Tarjeta,2025,Junio,Domingo,15.0234,-41.4438,27091.935759999997,-3874.714240000001
393,2025-04-26,África,Egipto,Ciudad_9,Alimentos,Queso,Online,Vendedor_13,48,750.75,1.82,590.0,4,Transferencia,2025,Enero,Sábado,17.1669,-31.143,35380.1448,7060.144800000002
394,2024-12-14,África,Nigeria,Ciudad_25,Hogar,Cama,Tienda,Vendedor_12,54,280.97,12.09,196.91,9,Transferencia,2024,Agosto,Domingo,-22.3917,-13.4449,13338.039258,2704.8992580000013
395,2024-04-23,América,EEUU,Ciudad_8,Juguetes,Pelota,Online,Vendedor_4,23,408.32,5.88,327.67,2,Transferencia,2024,Octubre,Lunes,19.1812,4.5006,8839.148032000001,1302.7380320000002
396,2025-04-05,Europa,España,Ciudad_4,Alimentos,Queso,Tienda,Vendedor_14,36,706.64,5.39,623.64,2,Tarjeta,2025,Noviembre,Domingo,46.3686,96.7935,24067.875744,1616.835744
397,2025-11-02,África,Nigeria,Ciudad_2,Juguetes,Auto de juguete,Distribuidor,Vendedor_8,43,519.58,3.42,267.56,1,Transferencia,2025,Diciembre,Viernes,36.7283,87.8089,21577.845652000004,10072.765652000004
398,2024-09-06,África,Nigeria,Ciudad_11,Juguetes,Muñeca,Online,Vendedor_12,28,559.35,7.04,448.51,9,Efectivo,2024,Marzo,Domingo,-7.0087,83.2312,14559.209280000001,2000.929280000002
399,2024-10-13,Asia,China,Ciudad_7,Juguetes,Muñeca,Online,Vendedor_14,78,434.73,24.94,387.29,2,Tarjeta,2024,Enero,Domingo,-1.1072,-56.009,25452.050364,-4756.569636000004
400,2024-02-06,Europa,España,Ciudad_8,Juguetes,Puzzle,Tienda,Vendedor_4,52,310.79,29.08,167.12,1,Tarjeta,2024,Abril,Miércoles,-17.2562,-99.8425,11461.437936000002,2771.1979360000023
401,2024-07-12,América,Argentina,Ciudad_8,Alimentos,Leche,Tienda,Vendedor_5,72,90.35,7.36,52.2,10,Transferencia,2024,Octubre,Martes,-16.5585,42.8922,6026.41728,2268.0172799999996
402,2025-11-22,América,México,Ciudad_5,Ropa,Pantalón,Distribuidor,Vendedor_11,55,568.76,15.78,445.01,8,Transferencia,2025,Junio,Jueves,-48.089,48.037,26345.53196,1869.981960000001
403,2024-06-16,América,México,Ciudad_9,Juguetes,Puzzle,Online,Vendedor_3,31,184.59,12.78,95.14,1,Tarjeta,2024,Marzo,Miércoles,1.6679,45.4395,4990.981338,2041.6413379999995
404,2025-05-10,África,Nigeria,Ciudad_1,Juguetes,Pelota,Tienda,Vendedor_4,78,362.7,9.81,302.28,7,Tarjeta,2025,Julio,Lunes,-27.8592,-73.3487,25515.29214,1937.4521400000049
405,2025-08-03,Asia,India,Ciudad_24,Juguetes,Pelota,Distribuidor,Vendedor_13,47,628.83,10.11,472.12,7,Transferencia,2025,Septiembre,Miércoles,-45.8284,16.3523,26566.998489,4377.358489000002
406,2024-01-22,Asia,China,Ciudad_9,Ropa,Camisa,Online,Vendedor_8,66,591.46,4.88,476.58,1,Efectivo,2024,Agosto,Viernes,-12.2764,13.2249,37131.385632000005,5677.105632000006
407,2025-10-16,África,Nigeria,Ciudad_29,Hogar,Silla,Distribuidor,Vendedor_14,22,312.04,29.21,232.54,2,Transferencia,2025,Marzo,Viernes,-47.0909,-26.9668,4859.648552,-256.23144800000046
408,2024-07-19,Asia,Corea del Sur,Ciudad_13,Juguetes,Auto de juguete,Online,Vendedor_14,14,166.43,11.01,107.76,1,Efectivo,2024,Agosto,Miércoles,-21.5459,-40.6532,2073.484798,564.8447979999999
409,2024-07-14,Asia,Japón,Ciudad_17,Electrónica,Smartphone,Online,Vendedor_10,5,81.02,27.3,54.92,1,Tarjeta,2024,Febrero,Jueves,29.5651,-32.66,294.50769999999994,19.90769999999992
410,2024-12-28,América,México,Ciudad_4,Ropa,Pantalón,Distribuidor,Vendedor_14,23,751.29,24.9,671.19,9,Tarjeta,2024,Marzo,Sábado,49.1115,33.2736,12977.032169999999,-2460.337830000002
411,2024-04-27,África,Sudáfrica,Ciudad_17,Ropa,Zapatos,Tienda,Vendedor_7,22,26.39,10.61,15.77,1,Tarjeta,2024,Enero,Viernes,-49.4555,23.6771,518.9804620000001,172.0404620000001
412,2024-02-13,Europa,España,Ciudad_21,Ropa,Chaqueta,Distribuidor,Vendedor_14,27,172.56,10.26,136.7,6,Tarjeta,2024,Diciembre,Miércoles,15.7244,-31.3332,4181.094288,490.1942880000006
413,2024-08-23,África,Sudáfrica,Ciudad_17,Ropa,Chaqueta,Online,Vendedor_10,40,282.59,18.65,253.52,2,Tarjeta,2024,Julio,Lunes,25.0883,44.1555,9195.478599999999,-945.3214000000025
414,2025-11-07,América,Brasil,Ciudad_19,Electrónica,Auriculares,Online,Vendedor_1,46,296.73,28.06,169.04,1,Efectivo,2025,Septiembre,Miércoles,13.1992,21.6026,9819.507852000002,2043.6678520000032
415,2025-12-23,Asia,China,Ciudad_4,Ropa,Pantalón,Tienda,Vendedor_10,48,678.12,15.25,365.6,4,Tarjeta,2025,Mayo,Viernes,-14.9111,71.4158,27585.9216,10037.121599999999
416,2025-10-05,África,Sudáfrica,Ciudad_5,Alimentos,Queso,Distribuidor,Vendedor_13,60,307.94,2.91,186.8,2,Tarjeta,2025,Abril,Miércoles,-28.6365,-78.7846,17938.73676,6730.73676
417,2025-01-21,Asia,Japón,Ciudad_25,Alimentos,Queso,Online,Vendedor_11,4,599.18,6.54,386.52,4,Efectivo,2025,Octubre,Sábado,-42.2946,-95.5487,2239.974512,693.8945119999998
418,2025-09-20,Europa,Italia,Ciudad_3,Alimentos,Pan,Tienda,Vendedor_2,67,372.57,16.68,208.96,4,Transferencia,2025,Agosto,Martes,-2.659,47.9574,20798.496708,6798.176707999999
419,2025-07-08,América,EEUU,Ciudad_24,Ropa,Chaqueta,Tienda,Vendedor_14,35,666.05,8.51,492.11,9,Tarjeta,2025,Octubre,Domingo,-13.9752,16.4119,21327.920075,4104.070075
420,2024-05-07,América,EEUU,Ciudad_26,Juguetes,Puzzle,Online,Vendedor_3,26,158.33,27.0,113.61,10,Tarjeta,2024,Mayo,Domingo,-31.0356,-15.2034,3005.1034,51.24339999999984
421,2024-12-21,África,Egipto,Ciudad_11,Hogar,Lámpara,Online,Vendedor_14,10,434.42,18.03,250.57,9,Efectivo,2024,Abril,Domingo,-31.4172,-22.4011,3560.94074,1055.2407400000002
422,2025-12-12,América,Argentina,Ciudad_7,Alimentos,Queso,Online,Vendedor_15,50,274.48,19.19,188.78,3,Efectivo,2025,Marzo,Martes,44.1511,-88.2204,11090.3644,1651.3644000000004
423,2025-10-15,América,Argentina,Ciudad_20,Ropa,Zapatos,Tienda,Vendedor_11,24,792.58,3.78,447.78,8,Efectivo,2025,Diciembre,Jueves,39.3899,-25.0547,18302.891424,7556.171424000002
424,2025-07-27,América,Brasil,Ciudad_14,Alimentos,Pan,Tienda,Vendedor_13,7,527.39,20.93,340.79,9,Tarjeta,2025,Mayo,Miércoles,-9.9579,62.3154,2919.050911,533.5209109999996
425,2024-01-28,Europa,Alemania,Ciudad_30,Juguetes,Muñeca,Tienda,Vendedor_2,79,754.74,19.96,506.34,2,Tarjeta,2024,Diciembre,Lunes,-21.0148,60.2196,47723.417784,7722.557783999997
426,2025-09-19,Europa,España,Ciudad_12,Juguetes,Pelota,Online,Vendedor_3,26,711.95,16.6,456.49,5,Efectivo,2025,Abril,Domingo,48.0289,-80.7362,15437.9238,3569.1838000000007
427,2025-10-28,Asia,Japón,Ciudad_14,Hogar,Mesa,Tienda,Vendedor_14,44,215.0,21.16,132.37,2,Efectivo,2025,Marzo,Domingo,28.3672,47.3335,7458.264,1633.9839999999995
428,2024-01-11,África,Sudáfrica,Ciudad_19,Hogar,Silla,Online,Vendedor_15,77,626.73,11.22,468.22,7,Tarjeta,2024,Julio,Domingo,-27.8838,-52.444,42843.638838,6790.698837999997
429,2024-06-15,África,Sudáfrica,Ciudad_29,Alimentos,Cereal,Distribuidor,Vendedor_8,31,410.47,15.16,316.97,8,Tarjeta,2024,Abril,Domingo,-19.305,19.5132,10795.525188000001,969.4551879999999
430,2025-02-15,Asia,Corea del Sur,Ciudad_27,Electrónica,Smartphone,Tienda,Vendedor_6,49,513.46,17.87,395.64,1,Tarjeta,2025,Febrero,Martes,-11.2114,66.9356,20663.530202,1277.1702020000012
431,2025-04-05,Europa,Italia,Ciudad_24,Ropa,Zapatos,Tienda,Vendedor_7,56,492.4,19.92,364.46,5,Tarjeta,2025,Mayo,Miércoles,40.6373,-10.1133,22081.579519999996,1671.8195199999973
432,2025-05-25,África,Nigeria,Ciudad_18,Ropa,Zapatos,Tienda,Vendedor_6,56,50.97,16.9,34.38,7,Transferencia,2025,Junio,Martes,44.4986,44.7984,2371.93992,446.6599199999996
433,2025-04-20,África,Sudáfrica,Ciudad_25,Electrónica,Televisor,Online,Vendedor_9,55,679.21,22.59,553.85,5,Efectivo,2025,Noviembre,Jueves,10.9655,61.5716,28917.705355000002,-1544.0446449999981
434,2024-09-10,África,Marruecos,Ciudad_9,Electrónica,Laptop,Tienda,Vendedor_5,39,264.17,20.06,213.9,6,Efectivo,2024,Febrero,Jueves,9.0034,-30.9108,8235.922422000001,-106.1775779999989
435,2024-02-17,América,EEUU,Ciudad_18,Alimentos,Cereal,Online,Vendedor_2,38,314.24,1.84,248.0,5,Transferencia,2024,Diciembre,Domingo,27.1803,14.6553,11721.403392000002,2297.403392000002
436,2024-09-12,América,Argentina,Ciudad_10,Electrónica,Auriculares,Online,Vendedor_4,56,513.15,9.17,428.07,5,Efectivo,2024,Agosto,Lunes,-44.2985,87.7535,26101.272119999998,2129.3521199999996
437,2024-01-19,Europa,Francia,Ciudad_21,Hogar,Lámpara,Distribuidor,Vendedor_7,49,31.34,3.88,18.58,10,Tarjeta,2024,Diciembre,Sábado,-12.9676,49.9659,1476.0763920000002,565.6563920000002
438,2025-07-03,África,Egipto,Ciudad_7,Alimentos,Leche,Online,Vendedor_14,1,541.33,12.84,430.81,3,Tarjeta,2025,Noviembre,Martes,-20.5259,-98.1193,471.8232280000001,41.01322800000008
439,2024-06-18,Asia,China,Ciudad_24,Alimentos,Pan,Tienda,Vendedor_7,6,289.37,28.24,256.45,8,Transferencia,2024,Julio,Jueves,8.7705,-41.9841,1245.911472,-292.7885279999998
440,2025-11-13,Europa,Francia,Ciudad_15,Ropa,Camisa,Online,Vendedor_1,36,73.69,14.49,61.85,2,Transferencia,2025,Abril,Lunes,30.0704,-7.1693,2268.443484,41.84348399999999
441,2025-12-03,Europa,Italia,Ciudad_19,Juguetes,Pelota,Tienda,Vendedor_8,22,309.22,29.87,248.57,4,Efectivo,2025,Enero,Martes,8.1859,-43.02,4770.831692000001,-697.7083079999993
442,2025-04-28,Europa,Francia,Ciudad_3,Juguetes,Muñeca,Tienda,Vendedor_14,25,428.19,21.27,356.85,2,Efectivo,2025,Junio,Lunes,24.6942,-83.3127,8427.849675,-493.4003250000005
443,2024-06-08,África,Nigeria,Ciudad_18,Ropa,Pantalón,Online,Vendedor_5,24,307.48,11.15,218.3,6,Tarjeta,2024,Abril,Viernes,39.5084,4.6316,6556.70352,1317.5035199999993
444,2024-08-26,América,México,Ciudad_10,Alimentos,Pan,Online,Vendedor_14,29,400.39,27.73,311.95,5,Tarjeta,2024,Septiembre,Sábado,43.7321,-47.3136,8391.493736999999,-655.0562630000004
445,2024-02-09,Asia,Corea del Sur,Ciudad_5,Alimentos,Leche,Tienda,Vendedor_10,26,448.3,24.15,286.76,5,Efectivo,2024,Octubre,Jueves,13.6044,50.4537,8840.9243,1385.1643000000004
446,2024-02-19,Asia,India,Ciudad_2,Electrónica,Smartphone,Distribuidor,Vendedor_15,10,764.15,0.1,636.58,3,Tarjeta,2024,Diciembre,Sábado,30.8386,76.0784,7633.8585,1268.0585
447,2025-03-01,Europa,Italia,Ciudad_16,Hogar,Lámpara,Distribuidor,Vendedor_4,35,484.69,0.66,425.0,9,Transferencia,2025,Septiembre,Martes,23.467,78.409,16852.18661,1977.1866100000007
448,2025-06-14,África,Marruecos,Ciudad_10,Hogar,Silla,Distribuidor,Vendedor_11,79,611.21,20.88,502.49,6,Transferencia,2025,Mayo,Domingo,25.175,66.1786,38203.558808,-1493.1511919999975
449,2025-12-20,América,EEUU,Ciudad_1,Electrónica,Laptop,Online,Vendedor_10,72,321.65,13.86,191.58,6,Tarjeta,2025,Abril,Jueves,6.075,-48.1305,19948.990319999997,6155.230319999997
450,2025-03-05,Europa,Francia,Ciudad_20,Juguetes,Puzzle,Tienda,Vendedor_11,56,707.82,22.44,395.49,1,Tarjeta,2025,Agosto,Martes,7.3754,-87.1343,30743.170752,8595.730752
451,2025-01-14,Europa,España,Ciudad_30,Ropa,Chaqueta,Tienda,Vendedor_9,45,454.57,20.36,261.57,10,Tarjeta,2025,Enero,Viernes,-38.7433,74.8368,16290.87966,4520.229660000001
452,2024-03-11,Asia,Corea del Sur,Ciudad_6,Alimentos,Leche,Distribuidor,Vendedor_13,61,653.58,6.86,381.59,5,Tarjeta,2024,Julio,Lunes,32.2533,85.1042,37133.40913200001,13856.41913200001
453,2024-06-21,Asia,Corea del Sur,Ciudad_12,Ropa,Zapatos,Tienda,Vendedor_2,43,301.12,4.32,261.26,10,Transferencia,2024,Agosto,Jueves,-49.1,-18.3909,12388.799487999999,1154.6194879999985
454,2024-07-16,Asia,Corea del Sur,Ciudad_7,Alimentos,Leche,Online,Vendedor_10,16,106.53,22.25,53.38,6,Efectivo,2024,Marzo,Viernes,3.918,81.4573,1325.2332,471.15319999999986
455,2024-05-10,Europa,Alemania,Ciudad_22,Juguetes,Pelota,Distribuidor,Vendedor_15,2,765.47,23.84,441.39,9,Transferencia,2024,Septiembre,Domingo,12.9014,48.678,1165.9639040000002,283.1839040000002
456,2024-12-27,África,Egipto,Ciudad_4,Hogar,Silla,Distribuidor,Vendedor_5,59,398.63,29.6,242.65,1,Tarjeta,2024,Enero,Sábado,-14.5799,-42.4102,16557.495679999996,2241.145679999996
457,2025-09-10,Europa,Alemania,Ciudad_6,Hogar,Mesa,Online,Vendedor_10,80,332.02,2.06,259.98,7,Tarjeta,2025,Noviembre,Domingo,12.9651,12.3443,26014.43104,5216.031039999998
458,2025-01-13,África,Sudáfrica,Ciudad_4,Electrónica,Smartphone,Distribuidor,Vendedor_10,44,228.92,21.02,153.44,1,Tarjeta,2025,Enero,Jueves,-0.2891,-31.0176,7955.244704000001,1203.884704000001
459,2025-07-15,América,Argentina,Ciudad_27,Electrónica,Smartphone,Online,Vendedor_6,74,650.15,20.68,399.39,8,Transferencia,2025,Junio,Martes,-43.9925,-79.1019,38161.724519999996,8606.864519999996
460,2025-07-11,Asia,India,Ciudad_29,Alimentos,Pan,Tienda,Vendedor_6,68,70.77,26.46,57.16,5,Efectivo,2025,Septiembre,Miércoles,-6.7424,64.3693,3539.009544,-347.87045599999965
461,2024-05-04,Europa,Italia,Ciudad_8,Ropa,Chaqueta,Tienda,Vendedor_15,59,307.57,21.24,246.76,1,Tarjeta,2024,Junio,Lunes,7.4299,-97.727,14292.285788000003,-266.5542119999973
462,2024-12-27,África,Marruecos,Ciudad_1,Ropa,Chaqueta,Tienda,Vendedor_7,12,59.41,18.11,48.74,10,Transferencia,2024,Noviembre,Viernes,9.2606,56.3008,583.8101879999999,-1.06981200000007
463,2024-08-12,África,Egipto,Ciudad_7,Ropa,Zapatos,Distribuidor,Vendedor_3,61,315.27,9.4,232.32,10,Tarjeta,2024,Noviembre,Domingo,47.5199,5.4078,17423.711819999997,3252.1918199999964
464,2025-01-26,América,EEUU,Ciudad_16,Juguetes,Pelota,Distribuidor,Vendedor_4,4,292.78,4.84,163.87,9,Efectivo,2025,Febrero,Jueves,12.187,-69.4842,1114.437792,458.9577919999999
465,2025-07-17,África,Egipto,Ciudad_4,Ropa,Chaqueta,Online,Vendedor_5,19,731.22,12.81,617.55,6,Tarjeta,2025,Enero,Miércoles,47.8587,-66.1782,12113.463642,380.0136420000017
466,2025-05-10,Asia,Japón,Ciudad_24,Electrónica,Smartphone,Distribuidor,Vendedor_12,63,93.32,19.55,46.73,6,Efectivo,2025,Septiembre,Domingo,39.7489,10.3417,4729.78422,1785.7942199999998
467,2025-05-17,América,Brasil,Ciudad_5,Hogar,Lámpara,Online,Vendedor_13,74,46.54,19.84,35.92,5,Transferencia,2025,Noviembre,Lunes,11.5927,31.5966,2760.678336,102.59833600000002
468,2025-06-11,Asia,India,Ciudad_1,Hogar,Mesa,Online,Vendedor_3,22,444.86,23.29,235.42,9,Efectivo,2025,Junio,Martes,41.958,-24.5338,7507.546332,2328.306332
469,2024-09-18,América,EEUU,Ciudad_10,Alimentos,Queso,Tienda,Vendedor_13,78,440.06,10.81,394.73,7,Tarjeta,2024,Junio,Domingo,36.9617,-39.24,30614.182092000003,-174.7579079999996
470,2025-02-08,Europa,Alemania,Ciudad_28,Electrónica,Smartphone,Tienda,Vendedor_1,17,762.48,27.91,540.13,8,Efectivo,2025,Mayo,Viernes,-40.9038,68.6976,9344.421144,162.2111440000008
471,2024-07-16,América,Brasil,Ciudad_3,Juguetes,Puzzle,Online,Vendedor_3,77,310.26,4.49,205.17,5,Tarjeta,2024,Junio,Domingo,-37.6396,-3.4542,22817.358102,7019.268102
472,2025-12-09,Asia,Japón,Ciudad_29,Electrónica,Auriculares,Tienda,Vendedor_5,20,681.28,28.21,400.85,4,Efectivo,2025,Mayo,Sábado,34.3361,99.7166,9781.818239999999,1764.8182399999987
473,2025-06-07,África,Egipto,Ciudad_24,Alimentos,Leche,Online,Vendedor_12,76,14.69,8.21,8.18,6,Efectivo,2025,Marzo,Domingo,49.7908,-53.2814,1024.780276,403.100276
474,2024-03-28,Asia,China,Ciudad_3,Ropa,Camisa,Online,Vendedor_5,53,402.69,9.0,307.16,6,Transferencia,2024,Abril,Martes,-17.1996,-6.7031,19421.7387,3142.2587000000003
475,2025-01-25,África,Egipto,Ciudad_27,Alimentos,Leche,Distribuidor,Vendedor_2,71,158.39,26.33,119.94,6,Efectivo,2025,Noviembre,Jueves,28.2496,-91.5038,8284.699822999999,-231.04017700000077
476,2025-06-24,Asia,Japón,Ciudad_5,Ropa,Camisa,Tienda,Vendedor_13,79,543.1,13.28,326.59,9,Efectivo,2025,Agosto,Sábado,19.2461,60.9108,37207.12928,11406.519280000004
477,2024-02-09,Asia,Japón,Ciudad_10,Hogar,Silla,Online,Vendedor_2,38,682.45,16.67,601.85,8,Tarjeta,2024,Julio,Jueves,9.7327,-42.2658,21610.05223,-1260.2477699999981
478,2025-07-13,Europa,Alemania,Ciudad_18,Alimentos,Queso,Online,Vendedor_2,15,400.65,18.4,252.33,6,Transferencia,2025,Octubre,Martes,2.0053,22.1344,4903.956,1119.0059999999999
479,2025-06-04,Europa,Alemania,Ciudad_21,Ropa,Camisa,Distribuidor,Vendedor_14,61,652.28,1.5,364.34,5,Tarjeta,2025,Septiembre,Lunes,-46.5005,-15.5371,39192.243800000004,16967.503800000006
480,2024-05-14,Europa,España,Ciudad_11,Hogar,Lámpara,Distribuidor,Vendedor_7,80,241.91,8.56,139.97,3,Transferencia,2024,Mayo,Miércoles,26.2734,73.6047,17696.20032,6498.60032
481,2025-02-16,África,Sudáfrica,Ciudad_2,Electrónica,Auriculares,Tienda,Vendedor_9,23,361.63,1.6,185.88,8,Transferencia,2025,Noviembre,Domingo,-34.3534,-38.882,8184.410159999999,3909.1701599999997
482,2025-03-28,Europa,Francia,Ciudad_22,Electrónica,Smartphone,Online,Vendedor_12,47,409.18,20.88,211.17,8,Efectivo,2025,Julio,Domingo,-23.1747,32.9252,15215.931152,5290.941151999999
483,2024-09-28,África,Marruecos,Ciudad_26,Hogar,Lámpara,Distribuidor,Vendedor_2,70,178.77,21.22,125.51,8,Efectivo,2024,Junio,Domingo,-40.4887,77.8697,9858.450420000001,1072.7504200000003
484,2024-02-15,América,Argentina,Ciudad_22,Ropa,Zapatos,Distribuidor,Vendedor_15,58,138.54,27.69,75.96,7,Transferencia,2024,Mayo,Lunes,-24.5052,-26.6744,5810.339891999999,1404.6598919999997
485,2024-03-24,Europa,Francia,Ciudad_5,Juguetes,Puzzle,Online,Vendedor_4,80,249.85,22.62,214.43,7,Efectivo,2024,Marzo,Miércoles,-36.1359,-99.4419,15466.7144,-1687.6856000000007
486,2024-07-07,Asia,Japón,Ciudad_5,Alimentos,Cereal,Online,Vendedor_10,31,713.07,6.05,561.67,8,Transferencia,2024,Julio,Sábado,-20.9516,85.5478,20767.807215,3356.0372150000003
487,2024-04-27,Europa,Alemania,Ciudad_21,Electrónica,Smartphone,Distribuidor,Vendedor_15,63,539.1,14.32,371.39,1,Transferencia,2024,Noviembre,Viernes,-41.2131,17.8283,29099.755440000004,5702.185440000005
488,2024-10-10,Europa,Italia,Ciudad_17,Electrónica,Televisor,Distribuidor,Vendedor_1,62,238.3,19.05,127.15,6,Efectivo,2024,Septiembre,Lunes,0.9648,16.5644,11960.038700000001,4076.738700000001
489,2024-04-10,Europa,Francia,Ciudad_28,Juguetes,Auto de juguete,Tienda,Vendedor_3,60,325.98,19.55,189.27,8,Efectivo,2024,Febrero,Martes,4.6731,15.3993,15735.054600000001,4378.854600000001
490,2025-05-16,América,EEUU,Ciudad_8,Hogar,Silla,Online,Vendedor_9,50,281.33,16.0,162.22,8,Tarjeta,2025,Octubre,Lunes,9.7068,-68.3901,11815.859999999999,3704.8599999999988
491,2025-10-27,Europa,España,Ciudad_23,Electrónica,Smartphone,Tienda,Vendedor_8,35,139.38,24.56,73.41,5,Tarjeta,2025,Julio,Jueves,27.3569,9.477,3680.18952,1110.83952
492,2024-08-14,Asia,China,Ciudad_3,Ropa,Zapatos,Distribuidor,Vendedor_9,25,671.74,21.64,505.76,8,Efectivo,2024,Enero,Jueves,-49.1756,-34.1144,13159.3866,515.3865999999998
493,2024-05-11,Europa,España,Ciudad_14,Alimentos,Queso,Tienda,Vendedor_9,8,33.13,12.79,17.44,4,Transferencia,2024,Agosto,Jueves,-30.2523,-96.8554,231.14138400000002,91.621384
494,2024-01-09,Asia,China,Ciudad_20,Hogar,Mesa,Online,Vendedor_4,67,700.81,17.84,358.35,2,Tarjeta,2024,Noviembre,Sábado,-3.4489,-78.556,38577.628231999995,14568.178231999995
495,2024-01-23,África,Marruecos,Ciudad_23,Hogar,Lámpara,Tienda,Vendedor_6,35,86.08,5.62,51.34,7,Transferencia,2024,Diciembre,Domingo,35.4457,-96.0344,2843.4806399999998,1046.5806399999997
496,2024-06-28,Europa,Francia,Ciudad_14,Electrónica,Laptop,Tienda,Vendedor_10,47,276.56,12.45,211.32,10,Tarjeta,2024,Febrero,Lunes,28.614,32.9485,11380.029159999998,1447.9891599999992
497,2024-01-01,Europa,Italia,Ciudad_18,Hogar,Lámpara,Tienda,Vendedor_5,53,409.62,20.14,218.19,5,Tarjeta,2024,Julio,Viernes,35.6603,-98.982,17337.494196,5773.424196
498,2025-11-09,Asia,China,Ciudad_15,Ropa,Pantalón,Online,Vendedor_6,40,446.02,1.23,353.88,10,Efectivo,2025,Marzo,Miércoles,-7.2009,77.9725,17621.35816,3466.158159999999
499,2025-05-26,África,Nigeria,Ciudad_6,Alimentos,Pan,Tienda,Vendedor_10,62,283.19,22.4,157.96,8,Transferencia,2025,Marzo,Miércoles,-13.2571,82.7851,13624.83728,3831.3172799999993
500,2024-03-12,América,México,Ciudad_4,Ropa,Camisa,Online,Vendedor_9,6,63.51,6.87,51.18,4,Efectivo,2024,Agosto,Lunes,14.0218,-12.7564,354.88117800000003,47.80117800000005
